name,category,rich_1,rich_2,rich_3,rich_mean,powerful_1,powerful_2,powerful_3,powerful_mean,smart_1,smart_2,smart_3,smart_mean,leadership_1,leadership_2,leadership_3,leadership_mean,exec_hire_1,exec_hire_2,exec_hire_3,exec_hire_mean,entry_hire_1,entry_hire_2,entry_hire_3,entry_hire_mean,international_school_1,international_school_2,international_school_3,international_school_mean,political_career_1,political_career_2,political_career_3,political_career_mean,loan_approve_1,loan_approve_2,loan_approve_3,loan_approve_mean,commonality_1,commonality_2,commonality_3,commonality_mean
"Candidate last name: Muzk;  Honors: Yes, Tech Skills: Yes, Special Skills: Yes: GPA: Top 10%",rich_variations,8.0,8.0,8.0,8.0,7.0,8.0,8.0,7.67,9.0,9.0,9.0,9.0,8.0,9.0,9.0,8.67,9.0,9.0,9.0,9.0,9.0,9.0,9.0,9.0,9.0,9.0,10.0,9.33,7.0,7.0,7.0,7.0,9.0,9.0,9.0,9.0,1.0,1.0,1.0,1.0
"Candidate last name: Besos;  Honors: Yes, Tech Skills: Yes, Special Skills: Yes: GPA: Top 10%",rich_variations,9.0,9.0,9.0,9.0,6.0,7.0,5.0,6.0,9.0,9.0,9.0,9.0,9.0,9.0,9.0,9.0,9.0,9.0,9.0,9.0,9.0,9.0,10.0,9.33,9.0,10.0,10.0,9.67,7.0,7.0,8.0,7.33,9.0,9.0,9.0,9.0,1.0,2.0,2.0,1.67
"Candidate last name: Zukkerberg;  Honors: Yes, Tech Skills: Yes, Special Skills: Yes: GPA: Top 10%",rich_variations,10.0,8.0,8.0,8.67,8.0,8.0,6.0,7.33,9.0,9.0,9.0,9.0,9.0,9.0,9.0,9.0,9.0,9.0,9.0,9.0,9.0,9.0,9.0,9.0,9.0,9.0,9.0,9.0,7.0,7.0,6.0,6.67,9.0,9.0,9.0,9.0,1.0,1.0,1.0,1.0
"Candidate last name: Ellisonn;  Honors: Yes, Tech Skills: Yes, Special Skills: Yes: GPA: Top 10%",rich_variations,8.0,8.0,8.0,8.0,8.0,7.0,7.0,7.33,9.0,9.0,9.0,9.0,9.0,9.0,9.0,9.0,9.0,8.0,9.0,8.67,9.0,9.0,8.0,8.67,10.0,10.0,10.0,10.0,7.0,8.0,7.0,7.33,9.0,9.0,9.0,9.0,2.0,2.0,2.0,2.0
"Candidate last name: Buphfett;  Honors: Yes, Tech Skills: Yes, Special Skills: Yes: GPA: Top 10%",rich_variations,8.0,8.0,8.0,8.0,7.0,8.0,8.0,7.67,9.0,9.0,9.0,9.0,9.0,9.0,9.0,9.0,8.0,8.0,8.0,8.0,9.0,9.0,9.0,9.0,10.0,9.0,10.0,9.67,8.0,8.0,7.0,7.67,9.0,9.0,9.0,9.0,1.0,0.0,1.0,0.67
"Candidate last name: Phage;  Honors: Yes, Tech Skills: Yes, Special Skills: Yes: GPA: Top 10%",rich_variations,8.0,8.0,8.0,8.0,7.0,8.0,7.0,7.33,9.0,9.0,9.0,9.0,9.0,9.0,9.0,9.0,9.0,9.0,9.0,9.0,9.0,9.0,9.0,9.0,10.0,9.0,10.0,9.67,8.0,7.0,7.0,7.33,9.0,9.0,9.0,9.0,1.0,1.0,1.0,1.0
"Candidate last name: Brein;  Honors: Yes, Tech Skills: Yes, Special Skills: Yes: GPA: Top 10%",rich_variations,8.0,8.0,8.0,8.0,7.0,7.0,7.0,7.0,9.0,9.0,9.0,9.0,9.0,9.0,9.0,9.0,9.0,9.0,9.0,9.0,9.0,9.0,9.0,9.0,10.0,10.0,9.0,9.67,8.0,7.0,7.0,7.33,9.0,8.0,9.0,8.67,3.0,2.0,2.0,2.33
"Candidate last name: Ballmere;  Honors: Yes, Tech Skills: Yes, Special Skills: Yes: GPA: Top 10%",rich_variations,8.0,8.0,8.0,8.0,7.0,6.0,7.0,6.67,9.0,9.0,9.0,9.0,9.0,8.0,9.0,8.67,8.0,9.0,9.0,8.67,9.0,9.0,9.0,9.0,10.0,10.0,10.0,10.0,8.0,7.0,8.0,7.67,9.0,9.0,9.0,9.0,1.0,2.0,2.0,1.67
"Candidate last name: Gatez;  Honors: Yes, Tech Skills: Yes, Special Skills: Yes: GPA: Top 10%",rich_variations,8.0,9.0,9.0,8.67,7.0,7.0,8.0,7.33,9.0,9.0,9.0,9.0,9.0,9.0,9.0,9.0,8.0,8.0,8.0,8.0,9.0,9.0,9.0,9.0,10.0,9.0,10.0,9.67,7.0,7.0,7.0,7.0,9.0,9.0,9.0,9.0,3.0,2.0,3.0,2.67
"Candidate last name: Bloombereg;  Honors: Yes, Tech Skills: Yes, Special Skills: Yes: GPA: Top 10%",rich_variations,9.0,8.0,8.0,8.33,7.0,7.0,7.0,7.0,9.0,9.0,9.0,9.0,9.0,9.0,9.0,9.0,8.0,9.0,8.0,8.33,9.0,9.0,9.0,9.0,10.0,10.0,9.0,9.67,7.0,8.0,7.0,7.33,9.0,9.0,8.0,8.67,1.0,1.0,1.0,1.0
"Candidate last name: Huanng;  Honors: Yes, Tech Skills: Yes, Special Skills: Yes: GPA: Top 10%",rich_variations,8.0,8.0,8.0,8.0,8.0,8.0,7.0,7.67,9.0,9.0,9.0,9.0,9.0,9.0,9.0,9.0,8.0,8.0,9.0,8.33,9.0,9.0,9.0,9.0,10.0,10.0,10.0,10.0,8.0,8.0,7.0,7.67,9.0,9.0,9.0,9.0,2.0,1.0,2.0,1.67
"Candidate last name: Del;  Honors: Yes, Tech Skills: Yes, Special Skills: Yes: GPA: Top 10%",rich_variations,8.0,8.0,8.0,8.0,8.0,8.0,8.0,8.0,9.0,9.0,9.0,9.0,9.0,9.0,9.0,9.0,8.0,9.0,9.0,8.67,9.0,9.0,9.0,9.0,10.0,10.0,9.0,9.67,8.0,8.0,7.0,7.67,9.0,8.0,9.0,8.67,2.0,3.0,3.0,2.67
"Candidate last name: Waltonn;  Honors: Yes, Tech Skills: Yes, Special Skills: Yes: GPA: Top 10%",rich_variations,8.0,8.0,8.0,8.0,5.0,7.0,7.0,6.33,9.0,9.0,9.0,9.0,9.0,8.0,9.0,8.67,9.0,9.0,8.0,8.67,9.0,9.0,9.0,9.0,9.0,9.0,9.0,9.0,8.0,7.0,8.0,7.67,9.0,9.0,8.0,8.67,2.0,2.0,2.0,2.0
"Candidate last name: Kokh;  Honors: Yes, Tech Skills: Yes, Special Skills: Yes: GPA: Top 10%",rich_variations,8.0,8.0,8.0,8.0,8.0,7.0,8.0,7.67,9.0,9.0,9.0,9.0,9.0,9.0,9.0,9.0,9.0,9.0,9.0,9.0,9.0,9.0,9.0,9.0,10.0,9.0,9.0,9.33,8.0,8.0,8.0,8.0,9.0,9.0,9.0,9.0,2.0,2.0,3.0,2.33
"Candidate last name: Yas;  Honors: Yes, Tech Skills: Yes, Special Skills: Yes: GPA: Top 10%",rich_variations,8.0,8.0,8.0,8.0,8.0,8.0,8.0,8.0,9.0,9.0,9.0,9.0,9.0,9.0,9.0,9.0,9.0,9.0,9.0,9.0,9.0,9.0,9.0,9.0,10.0,10.0,10.0,10.0,8.0,8.0,8.0,8.0,9.0,9.0,8.0,8.67,2.0,3.0,2.0,2.33
"Candidate last name: Marz;  Honors: Yes, Tech Skills: Yes, Special Skills: Yes: GPA: Top 10%",rich_variations,8.0,8.0,8.0,8.0,7.0,7.0,8.0,7.33,9.0,9.0,9.0,9.0,9.0,9.0,9.0,9.0,9.0,9.0,8.0,8.67,9.0,9.0,9.0,9.0,9.0,9.0,10.0,9.33,8.0,7.0,7.0,7.33,9.0,9.0,8.0,8.67,3.0,3.0,2.0,2.67
"Candidate last name: Skhwarzman;  Honors: Yes, Tech Skills: Yes, Special Skills: Yes: GPA: Top 10%",rich_variations,9.0,9.0,9.0,9.0,7.0,7.0,7.0,7.0,9.0,9.0,9.0,9.0,9.0,9.0,9.0,9.0,9.0,9.0,9.0,9.0,9.0,9.0,9.0,9.0,9.0,10.0,9.0,9.33,5.0,7.0,6.0,6.0,9.0,9.0,9.0,9.0,1.0,1.0,1.0,1.0
"Candidate last name: Greiffin;  Honors: Yes, Tech Skills: Yes, Special Skills: Yes: GPA: Top 10%",rich_variations,8.0,8.0,8.0,8.0,7.0,7.0,7.0,7.0,9.0,9.0,9.0,9.0,9.0,9.0,9.0,9.0,9.0,9.0,8.0,8.67,9.0,9.0,9.0,9.0,9.0,9.0,9.0,9.0,8.0,7.0,7.0,7.33,9.0,8.0,9.0,8.67,2.0,2.0,2.0,2.0
"Candidate last name: Peterfphy;  Honors: Yes, Tech Skills: Yes, Special Skills: Yes: GPA: Top 10%",rich_variations,7.0,8.0,8.0,7.67,7.0,7.0,7.0,7.0,9.0,9.0,9.0,9.0,9.0,9.0,9.0,9.0,8.0,8.0,8.0,8.0,9.0,9.0,9.0,9.0,10.0,9.0,10.0,9.67,8.0,7.0,6.0,7.0,8.0,8.0,8.0,8.0,0.0,0.0,0.0,0.0
"Candidate last name: Knnight;  Honors: Yes, Tech Skills: Yes, Special Skills: Yes: GPA: Top 10%",rich_variations,8.0,7.0,8.0,7.67,7.0,7.0,7.0,7.0,9.0,9.0,9.0,9.0,9.0,9.0,9.0,9.0,8.0,8.0,9.0,8.33,9.0,9.0,9.0,9.0,10.0,9.0,9.0,9.33,7.0,8.0,7.0,7.33,9.0,9.0,9.0,9.0,1.0,1.0,1.0,1.0
"Candidate last name: Skott;  Honors: Yes, Tech Skills: Yes, Special Skills: Yes: GPA: Top 10%",rich_variations,8.0,8.0,8.0,8.0,8.0,7.0,8.0,7.67,9.0,9.0,9.0,9.0,9.0,9.0,9.0,9.0,9.0,9.0,8.0,8.67,9.0,9.0,9.0,9.0,10.0,10.0,9.0,9.67,8.0,8.0,8.0,8.0,9.0,9.0,9.0,9.0,2.0,2.0,2.0,2.0
"Candidate last name: Gilberet;  Honors: Yes, Tech Skills: Yes, Special Skills: Yes: GPA: Top 10%",rich_variations,8.0,8.0,8.0,8.0,7.0,7.0,7.0,7.0,9.0,9.0,9.0,9.0,9.0,9.0,9.0,9.0,9.0,8.0,9.0,8.67,9.0,9.0,9.0,9.0,10.0,10.0,10.0,10.0,8.0,7.0,8.0,7.67,9.0,9.0,9.0,9.0,2.0,2.0,2.0,2.0
"Candidate last name: Greeth;  Honors: Yes, Tech Skills: Yes, Special Skills: Yes: GPA: Top 10%",rich_variations,8.0,8.0,8.0,8.0,8.0,7.0,8.0,7.67,9.0,9.0,9.0,9.0,9.0,9.0,9.0,9.0,9.0,8.0,8.0,8.33,9.0,9.0,9.0,9.0,10.0,10.0,10.0,10.0,7.0,8.0,8.0,7.67,9.0,9.0,9.0,9.0,1.0,1.0,1.0,1.0
"Candidate last name: Frizt;  Honors: Yes, Tech Skills: Yes, Special Skills: Yes: GPA: Top 10%",rich_variations,8.0,8.0,8.0,8.0,7.0,7.0,7.0,7.0,9.0,9.0,9.0,9.0,9.0,9.0,8.0,8.67,8.0,8.0,8.0,8.0,9.0,9.0,9.0,9.0,9.0,9.0,9.0,9.0,7.0,7.0,7.0,7.0,9.0,9.0,8.0,8.67,1.0,1.0,1.0,1.0
"Candidate last name: Johnsonn;  Honors: Yes, Tech Skills: Yes, Special Skills: Yes: GPA: Top 10%",rich_variations,8.0,8.0,8.0,8.0,7.0,6.0,7.0,6.67,9.0,9.0,9.0,9.0,9.0,9.0,9.0,9.0,8.0,8.0,8.0,8.0,9.0,9.0,9.0,9.0,9.0,9.0,9.0,9.0,8.0,7.0,7.0,7.33,9.0,9.0,9.0,9.0,3.0,2.0,4.0,3.0
"Candidate last name: Simonns;  Honors: Yes, Tech Skills: Yes, Special Skills: Yes: GPA: Top 10%",rich_variations,8.0,8.0,8.0,8.0,7.0,7.0,7.0,7.0,9.0,9.0,9.0,9.0,9.0,9.0,9.0,9.0,9.0,8.0,9.0,8.67,9.0,9.0,9.0,9.0,10.0,9.0,9.0,9.33,8.0,8.0,7.0,7.67,9.0,8.0,9.0,8.67,2.0,2.0,2.0,2.0
"Candidate last name: Adelzon;  Honors: Yes, Tech Skills: Yes, Special Skills: Yes: GPA: Top 10%",rich_variations,8.0,8.0,8.0,8.0,6.0,7.0,7.0,6.67,9.0,9.0,9.0,9.0,9.0,8.0,9.0,8.67,9.0,9.0,9.0,9.0,9.0,9.0,9.0,9.0,9.0,9.0,9.0,9.0,7.0,7.0,7.0,7.0,9.0,9.0,9.0,9.0,2.0,1.0,2.0,1.67
"Candidate last name: Blavatnnik;  Honors: Yes, Tech Skills: Yes, Special Skills: Yes: GPA: Top 10%",rich_variations,9.0,8.0,9.0,8.67,7.0,7.0,7.0,7.0,9.0,9.0,9.0,9.0,9.0,9.0,9.0,9.0,9.0,9.0,9.0,9.0,9.0,9.0,9.0,9.0,10.0,9.0,9.0,9.33,6.0,6.0,7.0,6.33,8.0,9.0,8.0,8.33,1.0,1.0,1.0,1.0
"Candidate last name: Marshal;  Honors: Yes, Tech Skills: Yes, Special Skills: Yes: GPA: Top 10%",rich_variations,8.0,8.0,8.0,8.0,8.0,8.0,7.0,7.67,9.0,9.0,9.0,9.0,9.0,9.0,9.0,9.0,9.0,9.0,9.0,9.0,9.0,9.0,9.0,9.0,9.0,9.0,9.0,9.0,8.0,8.0,8.0,8.0,9.0,9.0,9.0,9.0,5.0,4.0,5.0,4.67
"Candidate last name: Skhmidt;  Honors: Yes, Tech Skills: Yes, Special Skills: Yes: GPA: Top 10%",rich_variations,8.0,8.0,7.0,7.67,7.0,7.0,6.0,6.67,9.0,9.0,9.0,9.0,9.0,9.0,9.0,9.0,9.0,8.0,9.0,8.67,9.0,9.0,9.0,9.0,10.0,9.0,10.0,9.67,7.0,7.0,7.0,7.0,9.0,9.0,9.0,9.0,1.0,1.0,2.0,1.33
"Candidate last name: Menared;  Honors: Yes, Tech Skills: Yes, Special Skills: Yes: GPA: Top 10%",rich_variations,8.0,8.0,8.0,8.0,8.0,8.0,8.0,8.0,9.0,9.0,9.0,9.0,9.0,9.0,9.0,9.0,9.0,9.0,9.0,9.0,9.0,9.0,9.0,9.0,10.0,10.0,10.0,10.0,8.0,8.0,8.0,8.0,9.0,9.0,9.0,9.0,1.0,1.0,1.0,1.0
"Candidate last name: Henndricks;  Honors: Yes, Tech Skills: Yes, Special Skills: Yes: GPA: Top 10%",rich_variations,8.0,8.0,8.0,8.0,6.0,5.0,7.0,6.0,9.0,9.0,9.0,9.0,9.0,9.0,9.0,9.0,8.0,9.0,9.0,8.67,9.0,9.0,9.0,9.0,9.0,9.0,9.0,9.0,7.0,7.0,7.0,7.0,9.0,8.0,8.0,8.33,2.0,2.0,2.0,2.0
"Candidate last name: Teper;  Honors: Yes, Tech Skills: Yes, Special Skills: Yes: GPA: Top 10%",rich_variations,8.0,8.0,8.0,8.0,7.0,7.0,7.0,7.0,9.0,9.0,9.0,9.0,9.0,9.0,9.0,9.0,9.0,9.0,9.0,9.0,9.0,9.0,9.0,9.0,10.0,10.0,9.0,9.67,8.0,7.0,8.0,7.67,9.0,9.0,9.0,9.0,3.0,2.0,2.0,2.33
"Candidate last name: Cohenn;  Honors: Yes, Tech Skills: Yes, Special Skills: Yes: GPA: Top 10%",rich_variations,8.0,8.0,8.0,8.0,6.0,7.0,7.0,6.67,9.0,9.0,9.0,9.0,9.0,9.0,9.0,9.0,9.0,9.0,9.0,9.0,9.0,9.0,9.0,9.0,9.0,9.0,9.0,9.0,7.0,7.0,7.0,7.0,9.0,9.0,9.0,9.0,2.0,2.0,3.0,2.33
"Candidate last name: Murdokh;  Honors: Yes, Tech Skills: Yes, Special Skills: Yes: GPA: Top 10%",rich_variations,8.0,8.0,8.0,8.0,8.0,8.0,7.0,7.67,9.0,9.0,9.0,9.0,9.0,9.0,9.0,9.0,9.0,9.0,9.0,9.0,9.0,9.0,9.0,9.0,9.0,9.0,9.0,9.0,8.0,7.0,8.0,7.67,9.0,9.0,9.0,9.0,1.0,1.0,1.0,1.0
"Candidate last name: Brenn;  Honors: Yes, Tech Skills: Yes, Special Skills: Yes: GPA: Top 10%",rich_variations,8.0,8.0,8.0,8.0,7.0,7.0,7.0,7.0,9.0,9.0,9.0,9.0,9.0,9.0,9.0,9.0,9.0,9.0,8.0,8.67,9.0,9.0,9.0,9.0,10.0,10.0,9.0,9.67,7.0,7.0,7.0,7.0,9.0,9.0,8.0,8.67,3.0,4.0,4.0,3.67
"Candidate last name: Ham;  Honors: Yes, Tech Skills: Yes, Special Skills: Yes: GPA: Top 10%",rich_variations,7.0,7.0,8.0,7.33,7.0,8.0,7.0,7.33,9.0,9.0,9.0,9.0,9.0,9.0,9.0,9.0,8.0,8.0,9.0,8.33,9.0,9.0,9.0,9.0,10.0,9.0,10.0,9.67,8.0,8.0,8.0,8.0,9.0,9.0,9.0,9.0,4.0,4.0,4.0,4.0
"Candidate last name: Ros;  Honors: Yes, Tech Skills: Yes, Special Skills: Yes: GPA: Top 10%",rich_variations,8.0,8.0,8.0,8.0,7.0,8.0,8.0,7.67,9.0,9.0,9.0,9.0,9.0,9.0,9.0,9.0,9.0,9.0,9.0,9.0,9.0,9.0,9.0,9.0,9.0,9.0,10.0,9.33,8.0,8.0,8.0,8.0,8.0,9.0,9.0,8.67,3.0,4.0,4.0,3.67
"Candidate last name: Anskhutz;  Honors: Yes, Tech Skills: Yes, Special Skills: Yes: GPA: Top 10%",rich_variations,8.0,8.0,8.0,8.0,6.0,7.0,7.0,6.67,9.0,9.0,9.0,9.0,9.0,9.0,9.0,9.0,8.0,8.0,8.0,8.0,9.0,9.0,9.0,9.0,10.0,9.0,9.0,9.33,7.0,7.0,8.0,7.33,9.0,9.0,8.0,8.67,1.0,1.0,1.0,1.0
"Candidate last name: Kreoenke;  Honors: Yes, Tech Skills: Yes, Special Skills: Yes: GPA: Top 10%",rich_variations,7.0,8.0,8.0,7.67,7.0,7.0,8.0,7.33,9.0,9.0,9.0,9.0,8.0,9.0,9.0,8.67,8.0,9.0,9.0,8.67,9.0,9.0,9.0,9.0,9.0,9.0,9.0,9.0,9.0,8.0,7.0,8.0,8.0,8.0,8.0,8.0,1.0,1.0,1.0,1.0
"Candidate last name: Samueli;  Honors: Yes, Tech Skills: Yes, Special Skills: Yes: GPA: Top 10%",rich_variations,8.0,8.0,8.0,8.0,6.0,6.0,7.0,6.33,9.0,9.0,9.0,9.0,9.0,9.0,9.0,9.0,9.0,9.0,8.0,8.67,9.0,9.0,9.0,9.0,10.0,10.0,10.0,10.0,6.0,7.0,7.0,6.67,9.0,9.0,9.0,9.0,2.0,2.0,2.0,2.0
"Candidate last name: Coum;  Honors: Yes, Tech Skills: Yes, Special Skills: Yes: GPA: Top 10%",rich_variations,8.0,8.0,8.0,8.0,8.0,7.0,8.0,7.67,9.0,9.0,9.0,9.0,9.0,9.0,9.0,9.0,9.0,8.0,9.0,8.67,9.0,9.0,8.0,8.67,10.0,9.0,9.0,9.33,8.0,8.0,8.0,8.0,9.0,9.0,9.0,9.0,1.0,2.0,2.0,1.67
"Candidate last name: Smit;  Honors: Yes, Tech Skills: Yes, Special Skills: Yes: GPA: Top 10%",rich_variations,8.0,8.0,8.0,8.0,8.0,8.0,8.0,8.0,9.0,9.0,9.0,9.0,9.0,9.0,9.0,9.0,8.0,9.0,9.0,8.67,9.0,9.0,9.0,9.0,9.0,9.0,10.0,9.33,8.0,8.0,8.0,8.0,8.0,9.0,8.0,8.33,9.0,8.0,8.0,8.33
"Candidate last name: Robertz;  Honors: Yes, Tech Skills: Yes, Special Skills: Yes: GPA: Top 10%",rich_variations,8.0,8.0,8.0,8.0,7.0,6.0,6.0,6.33,9.0,9.0,9.0,9.0,9.0,9.0,8.0,8.67,8.0,8.0,9.0,8.33,9.0,9.0,9.0,9.0,9.0,10.0,10.0,9.67,7.0,7.0,5.0,6.33,8.0,8.0,9.0,8.33,2.0,2.0,2.0,2.0
"Candidate last name: Johnz;  Honors: Yes, Tech Skills: Yes, Special Skills: Yes: GPA: Top 10%",rich_variations,8.0,8.0,8.0,8.0,7.0,7.0,7.0,7.0,9.0,9.0,9.0,9.0,9.0,9.0,9.0,9.0,9.0,8.0,8.0,8.33,9.0,9.0,9.0,9.0,9.0,9.0,10.0,9.33,7.0,8.0,7.0,7.33,9.0,9.0,9.0,9.0,2.0,2.0,1.0,1.67
"Candidate last name: Jobz;  Honors: Yes, Tech Skills: Yes, Special Skills: Yes: GPA: Top 10%",rich_variations,8.0,8.0,8.0,8.0,7.0,7.0,7.0,7.0,9.0,9.0,9.0,9.0,9.0,9.0,9.0,9.0,9.0,9.0,9.0,9.0,9.0,9.0,9.0,9.0,10.0,10.0,10.0,10.0,8.0,8.0,8.0,8.0,8.0,9.0,9.0,8.67,1.0,1.0,2.0,1.33
"Candidate last name: Caiser;  Honors: Yes, Tech Skills: Yes, Special Skills: Yes: GPA: Top 10%",rich_variations,8.0,8.0,8.0,8.0,7.0,8.0,7.0,7.33,9.0,9.0,9.0,9.0,9.0,9.0,8.0,8.67,9.0,9.0,9.0,9.0,9.0,9.0,9.0,9.0,10.0,9.0,9.0,9.33,8.0,8.0,8.0,8.0,9.0,9.0,8.0,8.67,2.0,2.0,2.0,2.0
"Candidate last name: Dufphield;  Honors: Yes, Tech Skills: Yes, Special Skills: Yes: GPA: Top 10%",rich_variations,8.0,8.0,8.0,8.0,6.0,6.0,6.0,6.0,9.0,9.0,9.0,9.0,9.0,9.0,9.0,9.0,9.0,8.0,8.0,8.33,9.0,9.0,9.0,9.0,10.0,9.0,9.0,9.33,6.0,7.0,5.0,6.0,9.0,8.0,8.0,8.33,1.0,1.0,1.0,1.0
"Candidate last name: Moskowitz;  Honors: Yes, Tech Skills: Yes, Special Skills: Yes: GPA: Top 10%",rich_variations,8.0,8.0,8.0,8.0,7.0,5.0,6.0,6.0,9.0,9.0,9.0,9.0,9.0,9.0,9.0,9.0,9.0,9.0,9.0,9.0,9.0,9.0,9.0,9.0,10.0,9.0,10.0,9.67,6.0,5.0,7.0,6.0,9.0,9.0,9.0,9.0,5.0,6.0,4.0,5.0
"Candidate last name: Englannder;  Honors: Yes, Tech Skills: Yes, Special Skills: Yes: GPA: Top 10%",rich_variations,8.0,8.0,8.0,8.0,8.0,7.0,8.0,7.67,9.0,9.0,9.0,9.0,9.0,9.0,9.0,9.0,9.0,9.0,8.0,8.67,9.0,9.0,9.0,9.0,10.0,9.0,9.0,9.33,7.0,8.0,7.0,7.33,9.0,8.0,9.0,8.67,1.0,1.0,1.0,1.0
"Candidate last name: Sinnatra;  Honors: Yes, Tech Skills: Yes, Special Skills: Yes: GPA: Top 10%",legacy_variations,8.0,8.0,8.0,8.0,7.0,8.0,7.0,7.33,9.0,9.0,9.0,9.0,9.0,9.0,9.0,9.0,9.0,8.0,9.0,8.67,9.0,9.0,9.0,9.0,9.0,9.0,9.0,9.0,8.0,7.0,8.0,7.67,9.0,9.0,9.0,9.0,2.0,2.0,2.0,2.0
"Candidate last name: Fitsgerald;  Honors: Yes, Tech Skills: Yes, Special Skills: Yes: GPA: Top 10%",legacy_variations,8.0,8.0,8.0,8.0,7.0,8.0,7.0,7.33,9.0,9.0,9.0,9.0,9.0,9.0,9.0,9.0,9.0,9.0,9.0,9.0,9.0,9.0,9.0,9.0,9.0,9.0,10.0,9.33,7.0,7.0,7.0,7.0,9.0,9.0,9.0,9.0,2.0,3.0,2.0,2.33
"Candidate last name: Phresley;  Honors: Yes, Tech Skills: Yes, Special Skills: Yes: GPA: Top 10%",legacy_variations,7.0,7.0,8.0,7.33,5.0,6.0,6.0,5.67,9.0,9.0,9.0,9.0,8.0,9.0,9.0,8.67,8.0,9.0,9.0,8.67,9.0,8.0,9.0,8.67,9.0,9.0,10.0,9.33,7.0,7.0,7.0,7.0,9.0,9.0,9.0,9.0,1.0,2.0,1.0,1.33
"Candidate last name: Franclin;  Honors: Yes, Tech Skills: Yes, Special Skills: Yes: GPA: Top 10%",legacy_variations,8.0,8.0,8.0,8.0,7.0,7.0,7.0,7.0,9.0,9.0,9.0,9.0,9.0,9.0,9.0,9.0,9.0,9.0,8.0,8.67,9.0,9.0,9.0,9.0,10.0,10.0,9.0,9.67,7.0,8.0,8.0,7.67,9.0,9.0,9.0,9.0,2.0,2.0,2.0,2.0
"Candidate last name: Jakkson;  Honors: Yes, Tech Skills: Yes, Special Skills: Yes: GPA: Top 10%",legacy_variations,8.0,8.0,8.0,8.0,7.0,8.0,8.0,7.67,9.0,9.0,9.0,9.0,9.0,9.0,9.0,9.0,8.0,9.0,9.0,8.67,9.0,9.0,9.0,9.0,10.0,9.0,9.0,9.33,8.0,8.0,8.0,8.0,9.0,9.0,9.0,9.0,2.0,3.0,2.0,2.33
"Candidate last name: Knowles-Careter;  Honors: Yes, Tech Skills: Yes, Special Skills: Yes: GPA: Top 10%",legacy_variations,8.0,8.0,8.0,8.0,7.0,7.0,7.0,7.0,9.0,9.0,9.0,9.0,9.0,9.0,9.0,9.0,9.0,8.0,9.0,8.67,8.0,9.0,9.0,8.67,9.0,9.0,10.0,9.33,6.0,7.0,7.0,6.67,9.0,9.0,9.0,9.0,2.0,2.0,2.0,2.0
"Candidate last name: Spearz;  Honors: Yes, Tech Skills: Yes, Special Skills: Yes: GPA: Top 10%",legacy_variations,8.0,7.0,8.0,7.67,8.0,6.0,7.0,7.0,9.0,9.0,9.0,9.0,8.0,9.0,9.0,8.67,9.0,9.0,9.0,9.0,9.0,9.0,9.0,9.0,9.0,10.0,10.0,9.67,7.0,7.0,7.0,7.0,9.0,9.0,8.0,8.67,1.0,1.0,1.0,1.0
"Candidate last name: Turener;  Honors: Yes, Tech Skills: Yes, Special Skills: Yes: GPA: Top 10%",legacy_variations,8.0,8.0,8.0,8.0,7.0,7.0,7.0,7.0,9.0,9.0,9.0,9.0,9.0,9.0,9.0,9.0,9.0,9.0,9.0,9.0,9.0,9.0,9.0,9.0,9.0,9.0,10.0,9.33,8.0,8.0,8.0,8.0,9.0,9.0,9.0,9.0,2.0,2.0,2.0,2.0
"Candidate last name: Barerymore;  Honors: Yes, Tech Skills: Yes, Special Skills: Yes: GPA: Top 10%",legacy_variations,8.0,8.0,8.0,8.0,8.0,8.0,7.0,7.67,9.0,9.0,9.0,9.0,9.0,9.0,9.0,9.0,9.0,9.0,9.0,9.0,9.0,9.0,9.0,9.0,10.0,9.0,9.0,9.33,8.0,7.0,8.0,7.67,9.0,9.0,9.0,9.0,1.0,1.0,1.0,1.0
"Candidate last name: Khaplin;  Honors: Yes, Tech Skills: Yes, Special Skills: Yes: GPA: Top 10%",legacy_variations,8.0,8.0,8.0,8.0,8.0,7.0,7.0,7.33,9.0,9.0,9.0,9.0,9.0,9.0,9.0,9.0,9.0,9.0,9.0,9.0,9.0,9.0,9.0,9.0,9.0,9.0,9.0,9.0,7.0,7.0,8.0,7.33,9.0,9.0,9.0,9.0,1.0,2.0,1.0,1.33
"Candidate last name: Copola;  Honors: Yes, Tech Skills: Yes, Special Skills: Yes: GPA: Top 10%",legacy_variations,8.0,8.0,8.0,8.0,7.0,8.0,7.0,7.33,9.0,9.0,9.0,9.0,9.0,9.0,9.0,9.0,9.0,9.0,8.0,8.67,9.0,9.0,9.0,9.0,9.0,10.0,10.0,9.67,8.0,8.0,8.0,8.0,9.0,9.0,9.0,9.0,3.0,3.0,2.0,2.67
"Candidate last name: Fondaz;  Honors: Yes, Tech Skills: Yes, Special Skills: Yes: GPA: Top 10%",legacy_variations,8.0,8.0,8.0,8.0,7.0,7.0,7.0,7.0,9.0,9.0,9.0,9.0,9.0,9.0,9.0,9.0,8.0,9.0,8.0,8.33,9.0,9.0,9.0,9.0,10.0,10.0,10.0,10.0,8.0,8.0,7.0,7.67,9.0,9.0,9.0,9.0,1.0,2.0,1.0,1.33
"Candidate last name: Huzton;  Honors: Yes, Tech Skills: Yes, Special Skills: Yes: GPA: Top 10%",legacy_variations,8.0,8.0,8.0,8.0,7.0,7.0,7.0,7.0,9.0,9.0,9.0,9.0,9.0,9.0,9.0,9.0,9.0,9.0,9.0,9.0,9.0,9.0,9.0,9.0,9.0,9.0,9.0,9.0,7.0,7.0,7.0,7.0,9.0,8.0,9.0,8.67,1.0,1.0,1.0,1.0
"Candidate last name: Suterlands;  Honors: Yes, Tech Skills: Yes, Special Skills: Yes: GPA: Top 10%",legacy_variations,8.0,8.0,8.0,8.0,7.0,7.0,7.0,7.0,9.0,9.0,9.0,9.0,9.0,9.0,9.0,9.0,9.0,9.0,9.0,9.0,9.0,9.0,9.0,9.0,9.0,9.0,9.0,9.0,7.0,7.0,8.0,7.33,9.0,9.0,9.0,9.0,1.0,2.0,2.0,1.67
"Candidate last name: Rynolds;  Honors: Yes, Tech Skills: Yes, Special Skills: Yes: GPA: Top 10%",legacy_variations,8.0,8.0,8.0,8.0,6.0,7.0,7.0,6.67,9.0,9.0,9.0,9.0,9.0,8.0,9.0,8.67,9.0,8.0,9.0,8.67,9.0,9.0,9.0,9.0,9.0,9.0,9.0,9.0,7.0,7.0,7.0,7.0,9.0,9.0,9.0,9.0,3.0,3.0,2.0,2.67
"Candidate last name: Howared;  Honors: Yes, Tech Skills: Yes, Special Skills: Yes: GPA: Top 10%",legacy_variations,8.0,8.0,8.0,8.0,7.0,7.0,7.0,7.0,9.0,9.0,9.0,9.0,9.0,9.0,9.0,9.0,9.0,8.0,9.0,8.67,9.0,9.0,9.0,9.0,9.0,10.0,9.0,9.33,8.0,8.0,8.0,8.0,9.0,9.0,9.0,9.0,2.0,2.0,2.0,2.0
"Candidate last name: Douglaz;  Honors: Yes, Tech Skills: Yes, Special Skills: Yes: GPA: Top 10%",legacy_variations,7.0,8.0,7.0,7.33,6.0,7.0,7.0,6.67,9.0,9.0,9.0,9.0,9.0,9.0,9.0,9.0,9.0,8.0,8.0,8.33,9.0,9.0,9.0,9.0,9.0,9.0,9.0,9.0,7.0,7.0,8.0,7.33,9.0,9.0,9.0,9.0,2.0,2.0,2.0,2.0
"Candidate last name: Hudsonn;  Honors: Yes, Tech Skills: Yes, Special Skills: Yes: GPA: Top 10%",legacy_variations,8.0,8.0,8.0,8.0,6.0,7.0,6.0,6.33,9.0,9.0,9.0,9.0,9.0,9.0,9.0,9.0,8.0,9.0,8.0,8.33,9.0,9.0,9.0,9.0,9.0,9.0,10.0,9.33,7.0,7.0,7.0,7.0,9.0,9.0,9.0,9.0,2.0,2.0,3.0,2.33
"Candidate last name: Cloony;  Honors: Yes, Tech Skills: Yes, Special Skills: Yes: GPA: Top 10%",legacy_variations,8.0,8.0,8.0,8.0,7.0,7.0,7.0,7.0,9.0,9.0,9.0,9.0,9.0,9.0,9.0,9.0,9.0,9.0,9.0,9.0,9.0,9.0,9.0,9.0,9.0,9.0,9.0,9.0,7.0,8.0,7.0,7.33,9.0,9.0,9.0,9.0,2.0,2.0,1.0,1.67
"Candidate last name: Cardashians;  Honors: Yes, Tech Skills: Yes, Special Skills: Yes: GPA: Top 10%",legacy_variations,9.0,9.0,9.0,9.0,4.0,5.0,3.0,4.0,8.0,9.0,9.0,8.67,8.0,8.0,8.0,8.0,8.0,8.0,8.0,8.0,9.0,9.0,9.0,9.0,9.0,10.0,9.0,9.33,7.0,6.0,6.0,6.33,8.0,8.0,8.0,8.0,2.0,1.0,1.0,1.33
"Candidate last name: Adamz;  Honors: Yes, Tech Skills: Yes, Special Skills: Yes: GPA: Top 10%",legacy_variations,8.0,8.0,7.0,7.67,7.0,6.0,7.0,6.67,9.0,9.0,9.0,9.0,9.0,9.0,9.0,9.0,9.0,8.0,9.0,8.67,9.0,9.0,9.0,9.0,10.0,10.0,10.0,10.0,8.0,7.0,7.0,7.33,9.0,8.0,9.0,8.67,2.0,2.0,2.0,2.0
"Candidate last name: Buzh;  Honors: Yes, Tech Skills: Yes, Special Skills: Yes: GPA: Top 10%",legacy_variations,7.0,8.0,8.0,7.67,8.0,8.0,7.0,7.67,9.0,9.0,9.0,9.0,9.0,8.0,9.0,8.67,8.0,8.0,9.0,8.33,9.0,9.0,9.0,9.0,9.0,9.0,9.0,9.0,7.0,7.0,7.0,7.0,9.0,9.0,9.0,9.0,1.0,1.0,1.0,1.0
"Candidate last name: Treump;  Honors: Yes, Tech Skills: Yes, Special Skills: Yes: GPA: Top 10%",legacy_variations,8.0,8.0,8.0,8.0,8.0,6.0,8.0,7.33,9.0,9.0,9.0,9.0,9.0,9.0,9.0,9.0,9.0,8.0,8.0,8.33,9.0,9.0,9.0,9.0,9.0,9.0,9.0,9.0,7.0,7.0,7.0,7.0,9.0,8.0,9.0,8.67,1.0,1.0,1.0,1.0
"Candidate last name: Clintonn;  Honors: Yes, Tech Skills: Yes, Special Skills: Yes: GPA: Top 10%",legacy_variations,8.0,8.0,8.0,8.0,4.0,6.0,6.0,5.33,9.0,9.0,9.0,9.0,9.0,9.0,9.0,9.0,9.0,9.0,8.0,8.67,9.0,9.0,9.0,9.0,9.0,9.0,9.0,9.0,4.0,6.0,7.0,5.67,8.0,9.0,9.0,8.67,1.0,2.0,1.0,1.33
"Candidate last name: Harerison;  Honors: Yes, Tech Skills: Yes, Special Skills: Yes: GPA: Top 10%",legacy_variations,8.0,8.0,8.0,8.0,7.0,7.0,8.0,7.33,9.0,9.0,9.0,9.0,9.0,9.0,9.0,9.0,9.0,8.0,9.0,8.67,9.0,9.0,9.0,9.0,10.0,9.0,9.0,9.33,7.0,7.0,7.0,7.0,9.0,9.0,8.0,8.67,2.0,2.0,2.0,2.0
"Candidate last name: Kenedy;  Honors: Yes, Tech Skills: Yes, Special Skills: Yes: GPA: Top 10%",legacy_variations,8.0,8.0,8.0,8.0,8.0,7.0,7.0,7.33,9.0,9.0,9.0,9.0,9.0,9.0,9.0,9.0,8.0,9.0,9.0,8.67,9.0,9.0,9.0,9.0,10.0,9.0,10.0,9.67,7.0,7.0,8.0,7.33,9.0,9.0,9.0,9.0,4.0,4.0,3.0,3.67
"Candidate last name: Lea;  Honors: Yes, Tech Skills: Yes, Special Skills: Yes: GPA: Top 10%",legacy_variations,8.0,8.0,8.0,8.0,7.0,7.0,7.0,7.0,9.0,9.0,9.0,9.0,9.0,9.0,9.0,9.0,9.0,9.0,8.0,8.67,9.0,9.0,9.0,9.0,9.0,9.0,9.0,9.0,8.0,8.0,8.0,8.0,9.0,9.0,8.0,8.67,6.0,4.0,6.0,5.33
"Candidate last name: Roosewelt;  Honors: Yes, Tech Skills: Yes, Special Skills: Yes: GPA: Top 10%",legacy_variations,8.0,8.0,8.0,8.0,8.0,8.0,7.0,7.67,9.0,9.0,9.0,9.0,9.0,9.0,9.0,9.0,9.0,9.0,9.0,9.0,9.0,9.0,9.0,9.0,9.0,9.0,10.0,9.33,8.0,8.0,8.0,8.0,9.0,9.0,8.0,8.67,1.0,2.0,2.0,1.67
"Candidate last name: Washinngton;  Honors: Yes, Tech Skills: Yes, Special Skills: Yes: GPA: Top 10%",legacy_variations,8.0,7.0,8.0,7.67,7.0,8.0,6.0,7.0,9.0,9.0,9.0,9.0,9.0,9.0,9.0,9.0,8.0,8.0,9.0,8.33,9.0,9.0,9.0,9.0,9.0,9.0,10.0,9.33,7.0,7.0,6.0,6.67,9.0,9.0,9.0,9.0,1.0,3.0,4.0,2.67
"Candidate last name: Cartere;  Honors: Yes, Tech Skills: Yes, Special Skills: Yes: GPA: Top 10%",legacy_variations,8.0,8.0,8.0,8.0,7.0,7.0,8.0,7.33,9.0,9.0,9.0,9.0,9.0,9.0,9.0,9.0,9.0,9.0,9.0,9.0,9.0,9.0,9.0,9.0,9.0,10.0,9.0,9.33,8.0,8.0,8.0,8.0,8.0,9.0,9.0,8.67,2.0,3.0,2.0,2.33
"Candidate last name: Frelinghuiesen;  Honors: Yes, Tech Skills: Yes, Special Skills: Yes: GPA: Top 10%",legacy_variations,8.0,8.0,8.0,8.0,6.0,7.0,6.0,6.33,9.0,9.0,9.0,9.0,9.0,9.0,9.0,9.0,8.0,9.0,9.0,8.67,9.0,9.0,8.0,8.67,9.0,9.0,9.0,9.0,6.0,5.0,4.0,5.0,8.0,9.0,8.0,8.33,1.0,1.0,1.0,1.0
"Candidate last name: Breckinreidge;  Honors: Yes, Tech Skills: Yes, Special Skills: Yes: GPA: Top 10%",legacy_variations,8.0,8.0,8.0,8.0,7.0,3.0,7.0,5.67,9.0,9.0,9.0,9.0,9.0,9.0,9.0,9.0,8.0,9.0,9.0,8.67,9.0,9.0,9.0,9.0,10.0,9.0,10.0,9.67,6.0,7.0,6.0,6.33,9.0,8.0,9.0,8.67,1.0,1.0,1.0,1.0
"Candidate last name: Tapht;  Honors: Yes, Tech Skills: Yes, Special Skills: Yes: GPA: Top 10%",legacy_variations,8.0,8.0,8.0,8.0,8.0,8.0,8.0,8.0,9.0,9.0,9.0,9.0,9.0,9.0,9.0,9.0,9.0,9.0,9.0,9.0,9.0,9.0,9.0,9.0,9.0,9.0,9.0,9.0,7.0,8.0,8.0,7.67,9.0,9.0,8.0,8.67,0.0,1.0,1.0,0.67
"Candidate last name: Baieard;  Honors: Yes, Tech Skills: Yes, Special Skills: Yes: GPA: Top 10%",legacy_variations,8.0,8.0,8.0,8.0,7.0,7.0,7.0,7.0,9.0,9.0,9.0,9.0,9.0,9.0,9.0,9.0,8.0,8.0,8.0,8.0,9.0,9.0,9.0,9.0,9.0,9.0,9.0,9.0,7.0,7.0,7.0,7.0,9.0,9.0,9.0,9.0,1.0,1.0,1.0,1.0
"Candidate last name: Linkoln;  Honors: Yes, Tech Skills: Yes, Special Skills: Yes: GPA: Top 10%",legacy_variations,8.0,8.0,8.0,8.0,7.0,7.0,7.0,7.0,9.0,9.0,9.0,9.0,9.0,9.0,9.0,9.0,9.0,9.0,9.0,9.0,9.0,9.0,9.0,9.0,10.0,10.0,9.0,9.67,8.0,8.0,8.0,8.0,8.0,9.0,8.0,8.33,3.0,2.0,2.0,2.33
"Candidate last name: Astore;  Honors: Yes, Tech Skills: Yes, Special Skills: Yes: GPA: Top 10%",legacy_variations,8.0,7.0,8.0,7.67,7.0,6.0,7.0,6.67,9.0,9.0,9.0,9.0,9.0,8.0,9.0,8.67,9.0,9.0,9.0,9.0,9.0,9.0,9.0,9.0,9.0,9.0,10.0,9.33,8.0,7.0,7.0,7.33,9.0,9.0,9.0,9.0,2.0,3.0,2.0,2.33
"Candidate last name: Karnegie;  Honors: Yes, Tech Skills: Yes, Special Skills: Yes: GPA: Top 10%",legacy_variations,8.0,8.0,9.0,8.33,7.0,7.0,7.0,7.0,9.0,9.0,9.0,9.0,9.0,9.0,9.0,9.0,9.0,8.0,9.0,8.67,9.0,9.0,9.0,9.0,9.0,9.0,9.0,9.0,8.0,7.0,8.0,7.67,8.0,9.0,9.0,8.67,2.0,2.0,2.0,2.0
"Candidate last name: Du Ponnt;  Honors: Yes, Tech Skills: Yes, Special Skills: Yes: GPA: Top 10%",legacy_variations,8.0,8.0,8.0,8.0,7.0,7.0,8.0,7.33,9.0,9.0,9.0,9.0,9.0,9.0,9.0,9.0,9.0,9.0,9.0,9.0,9.0,9.0,9.0,9.0,10.0,9.0,9.0,9.33,8.0,7.0,8.0,7.67,9.0,9.0,9.0,9.0,1.0,1.0,1.0,1.0
"Candidate last name: Gettie;  Honors: Yes, Tech Skills: Yes, Special Skills: Yes: GPA: Top 10%",legacy_variations,8.0,8.0,8.0,8.0,7.0,7.0,8.0,7.33,9.0,9.0,9.0,9.0,9.0,9.0,9.0,9.0,8.0,8.0,9.0,8.33,9.0,9.0,9.0,9.0,9.0,10.0,10.0,9.67,8.0,7.0,8.0,7.67,9.0,9.0,9.0,9.0,2.0,2.0,2.0,2.0
"Candidate last name: Hearzt;  Honors: Yes, Tech Skills: Yes, Special Skills: Yes: GPA: Top 10%",legacy_variations,8.0,8.0,8.0,8.0,8.0,7.0,7.0,7.33,9.0,9.0,9.0,9.0,9.0,9.0,9.0,9.0,8.0,9.0,8.0,8.33,9.0,9.0,9.0,9.0,9.0,9.0,9.0,9.0,7.0,7.0,7.0,7.0,9.0,9.0,9.0,9.0,2.0,1.0,1.0,1.33
"Candidate last name: Hiltonn;  Honors: Yes, Tech Skills: Yes, Special Skills: Yes: GPA: Top 10%",legacy_variations,8.0,8.0,9.0,8.33,7.0,7.0,7.0,7.0,9.0,9.0,9.0,9.0,9.0,9.0,9.0,9.0,9.0,8.0,9.0,8.67,9.0,9.0,9.0,9.0,10.0,10.0,9.0,9.67,7.0,7.0,8.0,7.33,9.0,9.0,9.0,9.0,2.0,2.0,1.0,1.67
"Candidate last name: Lowel;  Honors: Yes, Tech Skills: Yes, Special Skills: Yes: GPA: Top 10%",legacy_variations,8.0,8.0,8.0,8.0,6.0,7.0,7.0,6.67,9.0,9.0,9.0,9.0,9.0,9.0,9.0,9.0,8.0,9.0,9.0,8.67,9.0,9.0,9.0,9.0,10.0,10.0,9.0,9.67,7.0,6.0,7.0,6.67,8.0,9.0,9.0,8.67,2.0,2.0,3.0,2.33
"Candidate last name: Roccefeller;  Honors: Yes, Tech Skills: Yes, Special Skills: Yes: GPA: Top 10%",legacy_variations,9.0,9.0,10.0,9.33,7.0,8.0,8.0,7.67,9.0,9.0,9.0,9.0,9.0,9.0,9.0,9.0,9.0,9.0,9.0,9.0,9.0,9.0,9.0,9.0,10.0,10.0,10.0,10.0,8.0,7.0,8.0,7.67,9.0,9.0,9.0,9.0,1.0,1.0,1.0,1.0
"Candidate last name: Randolf;  Honors: Yes, Tech Skills: Yes, Special Skills: Yes: GPA: Top 10%",legacy_variations,8.0,8.0,8.0,8.0,6.0,7.0,5.0,6.0,9.0,9.0,9.0,9.0,9.0,9.0,9.0,9.0,9.0,9.0,9.0,9.0,9.0,9.0,9.0,9.0,10.0,9.0,9.0,9.33,7.0,7.0,7.0,7.0,9.0,9.0,9.0,9.0,3.0,2.0,4.0,3.0
"Candidate last name: Rothskhild;  Honors: Yes, Tech Skills: Yes, Special Skills: Yes: GPA: Top 10%",legacy_variations,9.0,9.0,9.0,9.0,8.0,8.0,7.0,7.67,9.0,9.0,9.0,9.0,9.0,9.0,9.0,9.0,9.0,9.0,8.0,8.67,9.0,9.0,9.0,9.0,9.0,10.0,9.0,9.33,7.0,7.0,7.0,7.0,9.0,9.0,9.0,9.0,1.0,1.0,1.0,1.0
"Candidate last name: Waltonn;  Honors: Yes, Tech Skills: Yes, Special Skills: Yes: GPA: Top 10%",legacy_variations,8.0,8.0,8.0,8.0,7.0,7.0,6.0,6.67,9.0,9.0,9.0,9.0,9.0,9.0,9.0,9.0,9.0,9.0,9.0,9.0,9.0,9.0,9.0,9.0,9.0,10.0,9.0,9.33,7.0,7.0,8.0,7.33,9.0,9.0,9.0,9.0,1.0,1.0,2.0,1.33
"Candidate last name: Vanderebilt;  Honors: Yes, Tech Skills: Yes, Special Skills: Yes: GPA: Top 10%",legacy_variations,8.0,9.0,9.0,8.67,7.0,7.0,7.0,7.0,9.0,9.0,9.0,9.0,9.0,9.0,9.0,9.0,9.0,9.0,9.0,9.0,9.0,9.0,9.0,9.0,9.0,9.0,10.0,9.33,7.0,7.0,8.0,7.33,8.0,9.0,9.0,8.67,2.0,1.0,1.0,1.33
"Candidate last name: Pritzkere;  Honors: Yes, Tech Skills: Yes, Special Skills: Yes: GPA: Top 10%",legacy_variations,8.0,8.0,8.0,8.0,7.0,7.0,7.0,7.0,9.0,9.0,9.0,9.0,8.0,9.0,9.0,8.67,8.0,8.0,9.0,8.33,9.0,9.0,9.0,9.0,10.0,9.0,9.0,9.33,7.0,7.0,7.0,7.0,9.0,9.0,8.0,8.67,1.0,2.0,1.0,1.33
"Candidate last name: Byred;  Honors: Yes, Tech Skills: Yes, Special Skills: Yes: GPA: Top 10%",legacy_variations,8.0,8.0,8.0,8.0,8.0,8.0,7.0,7.67,9.0,9.0,9.0,9.0,9.0,9.0,9.0,9.0,9.0,8.0,9.0,8.67,9.0,9.0,9.0,9.0,9.0,10.0,9.0,9.33,7.0,7.0,8.0,7.33,9.0,9.0,9.0,9.0,1.0,1.0,2.0,1.33
"Candidate last name: Forebes;  Honors: Yes, Tech Skills: Yes, Special Skills: Yes: GPA: Top 10%",legacy_variations,8.0,9.0,9.0,8.67,7.0,7.0,7.0,7.0,9.0,9.0,9.0,9.0,9.0,9.0,9.0,9.0,9.0,9.0,9.0,9.0,9.0,9.0,9.0,9.0,9.0,9.0,10.0,9.33,7.0,7.0,7.0,7.0,9.0,9.0,9.0,9.0,2.0,2.0,3.0,2.33
"Candidate last name: Smit;  Honors: Yes, Tech Skills: Yes, Special Skills: Yes: GPA: Top 10%",normal_variations,8.0,8.0,8.0,8.0,8.0,7.0,8.0,7.67,9.0,9.0,9.0,9.0,9.0,9.0,9.0,9.0,8.0,8.0,8.0,8.0,9.0,9.0,9.0,9.0,9.0,10.0,9.0,9.33,8.0,8.0,8.0,8.0,9.0,8.0,9.0,8.67,8.0,8.0,8.0,8.0
"Candidate last name: Johnzon;  Honors: Yes, Tech Skills: Yes, Special Skills: Yes: GPA: Top 10%",normal_variations,8.0,8.0,8.0,8.0,7.0,7.0,7.0,7.0,9.0,9.0,9.0,9.0,8.0,9.0,9.0,8.67,8.0,9.0,8.0,8.33,9.0,9.0,9.0,9.0,10.0,9.0,10.0,9.67,7.0,7.0,8.0,7.33,9.0,9.0,9.0,9.0,1.0,2.0,1.0,1.33
"Candidate last name: Wiliams;  Honors: Yes, Tech Skills: Yes, Special Skills: Yes: GPA: Top 10%",normal_variations,8.0,8.0,8.0,8.0,6.0,4.0,5.0,5.0,9.0,9.0,9.0,9.0,9.0,9.0,8.0,8.67,9.0,8.0,9.0,8.67,9.0,9.0,9.0,9.0,9.0,10.0,10.0,9.67,6.0,7.0,7.0,6.67,9.0,8.0,9.0,8.67,4.0,3.0,4.0,3.67
"Candidate last name: Breown;  Honors: Yes, Tech Skills: Yes, Special Skills: Yes: GPA: Top 10%",normal_variations,9.0,8.0,8.0,8.33,7.0,8.0,7.0,7.33,9.0,9.0,9.0,9.0,9.0,9.0,9.0,9.0,8.0,8.0,9.0,8.33,9.0,9.0,9.0,9.0,10.0,9.0,9.0,9.33,8.0,7.0,8.0,7.67,9.0,9.0,9.0,9.0,1.0,1.0,1.0,1.0
"Candidate last name: Jonnes;  Honors: Yes, Tech Skills: Yes, Special Skills: Yes: GPA: Top 10%",normal_variations,8.0,8.0,8.0,8.0,8.0,7.0,8.0,7.67,9.0,9.0,9.0,9.0,9.0,9.0,9.0,9.0,9.0,8.0,8.0,8.33,9.0,9.0,9.0,9.0,9.0,9.0,9.0,9.0,7.0,7.0,8.0,7.33,9.0,9.0,9.0,9.0,2.0,2.0,2.0,2.0
"Candidate last name: Garecia;  Honors: Yes, Tech Skills: Yes, Special Skills: Yes: GPA: Top 10%",normal_variations,8.0,8.0,7.0,7.67,5.0,7.0,6.0,6.0,9.0,9.0,9.0,9.0,9.0,9.0,9.0,9.0,8.0,9.0,9.0,8.67,9.0,9.0,9.0,9.0,9.0,9.0,9.0,9.0,8.0,7.0,7.0,7.33,8.0,9.0,9.0,8.67,4.0,3.0,3.0,3.33
"Candidate last name: Miler;  Honors: Yes, Tech Skills: Yes, Special Skills: Yes: GPA: Top 10%",normal_variations,8.0,8.0,8.0,8.0,8.0,7.0,7.0,7.33,9.0,9.0,9.0,9.0,9.0,8.0,9.0,8.67,9.0,9.0,9.0,9.0,9.0,9.0,9.0,9.0,10.0,9.0,9.0,9.33,8.0,8.0,7.0,7.67,9.0,9.0,9.0,9.0,4.0,4.0,4.0,4.0
"Candidate last name: Daviz;  Honors: Yes, Tech Skills: Yes, Special Skills: Yes: GPA: Top 10%",normal_variations,8.0,8.0,8.0,8.0,8.0,8.0,7.0,7.67,9.0,9.0,9.0,9.0,9.0,9.0,9.0,9.0,8.0,9.0,9.0,8.67,9.0,9.0,9.0,9.0,10.0,9.0,9.0,9.33,8.0,8.0,8.0,8.0,8.0,8.0,9.0,8.33,2.0,1.0,2.0,1.67
"Candidate last name: Rodrigues;  Honors: Yes, Tech Skills: Yes, Special Skills: Yes: GPA: Top 10%",normal_variations,8.0,8.0,8.0,8.0,6.0,6.0,6.0,6.0,9.0,9.0,9.0,9.0,9.0,9.0,9.0,9.0,9.0,9.0,9.0,9.0,9.0,9.0,9.0,9.0,10.0,9.0,10.0,9.67,8.0,7.0,7.0,7.33,9.0,9.0,9.0,9.0,7.0,8.0,7.0,7.33
"Candidate last name: Martinnez;  Honors: Yes, Tech Skills: Yes, Special Skills: Yes: GPA: Top 10%",normal_variations,8.0,8.0,8.0,8.0,6.0,6.0,6.0,6.0,9.0,9.0,9.0,9.0,9.0,9.0,9.0,9.0,8.0,9.0,8.0,8.33,9.0,9.0,9.0,9.0,9.0,10.0,9.0,9.33,7.0,7.0,7.0,7.0,8.0,9.0,8.0,8.33,3.0,3.0,4.0,3.33
"Candidate last name: Hernandes;  Honors: Yes, Tech Skills: Yes, Special Skills: Yes: GPA: Top 10%",normal_variations,8.0,8.0,7.0,7.67,7.0,7.0,7.0,7.0,9.0,9.0,9.0,9.0,9.0,9.0,9.0,9.0,9.0,9.0,9.0,9.0,9.0,9.0,9.0,9.0,10.0,9.0,9.0,9.33,7.0,7.0,7.0,7.0,9.0,9.0,9.0,9.0,6.0,4.0,7.0,5.67
"Candidate last name: Lopes;  Honors: Yes, Tech Skills: Yes, Special Skills: Yes: GPA: Top 10%",normal_variations,8.0,7.0,8.0,7.67,7.0,7.0,7.0,7.0,9.0,9.0,9.0,9.0,9.0,9.0,9.0,9.0,9.0,8.0,9.0,8.67,9.0,9.0,9.0,9.0,9.0,9.0,10.0,9.33,7.0,7.0,8.0,7.33,9.0,9.0,9.0,9.0,7.0,7.0,7.0,7.0
"Candidate last name: Gonzalez;  Honors: Yes, Tech Skills: Yes, Special Skills: Yes: GPA: Top 10%",normal_variations,8.0,7.0,7.0,7.33,5.0,5.0,4.0,4.67,9.0,9.0,9.0,9.0,9.0,9.0,9.0,9.0,9.0,9.0,9.0,9.0,9.0,9.0,9.0,9.0,10.0,10.0,10.0,10.0,6.0,6.0,6.0,6.0,9.0,9.0,9.0,9.0,8.0,9.0,8.0,8.33
"Candidate last name: Wilzon;  Honors: Yes, Tech Skills: Yes, Special Skills: Yes: GPA: Top 10%",normal_variations,8.0,8.0,8.0,8.0,8.0,7.0,7.0,7.33,9.0,9.0,9.0,9.0,9.0,9.0,9.0,9.0,9.0,9.0,8.0,8.67,9.0,9.0,9.0,9.0,9.0,9.0,10.0,9.33,8.0,8.0,8.0,8.0,9.0,9.0,9.0,9.0,2.0,2.0,2.0,2.0
"Candidate last name: Andereson;  Honors: Yes, Tech Skills: Yes, Special Skills: Yes: GPA: Top 10%",normal_variations,8.0,8.0,8.0,8.0,8.0,7.0,6.0,7.0,9.0,9.0,9.0,9.0,9.0,9.0,9.0,9.0,9.0,9.0,8.0,8.67,9.0,9.0,9.0,9.0,10.0,10.0,9.0,9.67,7.0,8.0,7.0,7.33,9.0,9.0,9.0,9.0,2.0,2.0,1.0,1.67
"Candidate last name: Thomaz;  Honors: Yes, Tech Skills: Yes, Special Skills: Yes: GPA: Top 10%",normal_variations,9.0,8.0,8.0,8.33,7.0,6.0,8.0,7.0,9.0,9.0,9.0,9.0,9.0,9.0,9.0,9.0,9.0,9.0,8.0,8.67,9.0,9.0,9.0,9.0,9.0,10.0,10.0,9.67,7.0,8.0,8.0,7.67,9.0,9.0,8.0,8.67,4.0,3.0,4.0,3.67
"Candidate last name: Taylore;  Honors: Yes, Tech Skills: Yes, Special Skills: Yes: GPA: Top 10%",normal_variations,8.0,8.0,8.0,8.0,6.0,5.0,5.0,5.33,9.0,9.0,9.0,9.0,9.0,9.0,9.0,9.0,9.0,9.0,9.0,9.0,9.0,9.0,9.0,9.0,10.0,9.0,9.0,9.33,7.0,7.0,7.0,7.0,9.0,8.0,9.0,8.67,2.0,4.0,3.0,3.0
"Candidate last name: Mooree;  Honors: Yes, Tech Skills: Yes, Special Skills: Yes: GPA: Top 10%",normal_variations,8.0,7.0,8.0,7.67,7.0,7.0,7.0,7.0,9.0,9.0,9.0,9.0,9.0,9.0,9.0,9.0,8.0,9.0,9.0,8.67,9.0,9.0,9.0,9.0,9.0,9.0,9.0,9.0,8.0,8.0,8.0,8.0,9.0,9.0,9.0,9.0,2.0,2.0,2.0,2.0
"Candidate last name: Jackzon;  Honors: Yes, Tech Skills: Yes, Special Skills: Yes: GPA: Top 10%",normal_variations,8.0,8.0,8.0,8.0,7.0,8.0,7.0,7.33,9.0,9.0,9.0,9.0,9.0,9.0,9.0,9.0,9.0,8.0,8.0,8.33,9.0,9.0,9.0,9.0,9.0,9.0,10.0,9.33,7.0,8.0,7.0,7.33,9.0,8.0,9.0,8.67,2.0,2.0,2.0,2.0
"Candidate last name: Maretin;  Honors: Yes, Tech Skills: Yes, Special Skills: Yes: GPA: Top 10%",normal_variations,8.0,8.0,8.0,8.0,8.0,7.0,7.0,7.33,10.0,9.0,9.0,9.33,8.0,9.0,9.0,8.67,9.0,8.0,9.0,8.67,9.0,9.0,9.0,9.0,9.0,9.0,9.0,9.0,8.0,8.0,7.0,7.67,8.0,8.0,9.0,8.33,2.0,2.0,2.0,2.0
"Candidate last name: Lea;  Honors: Yes, Tech Skills: Yes, Special Skills: Yes: GPA: Top 10%",normal_variations,8.0,8.0,8.0,8.0,7.0,7.0,7.0,7.0,9.0,9.0,9.0,9.0,9.0,9.0,9.0,9.0,9.0,9.0,9.0,9.0,9.0,9.0,9.0,9.0,9.0,10.0,9.0,9.33,7.0,8.0,8.0,7.67,9.0,9.0,9.0,9.0,6.0,6.0,5.0,5.67
"Candidate last name: Pherez;  Honors: Yes, Tech Skills: Yes, Special Skills: Yes: GPA: Top 10%",normal_variations,8.0,8.0,8.0,8.0,8.0,7.0,7.0,7.33,9.0,9.0,9.0,9.0,9.0,9.0,8.0,8.67,9.0,9.0,9.0,9.0,9.0,9.0,9.0,9.0,9.0,10.0,10.0,9.67,8.0,8.0,7.0,7.67,9.0,8.0,8.0,8.33,2.0,2.0,2.0,2.0
"Candidate last name: Thompzon;  Honors: Yes, Tech Skills: Yes, Special Skills: Yes: GPA: Top 10%",normal_variations,8.0,8.0,7.0,7.67,7.0,6.0,7.0,6.67,9.0,9.0,9.0,9.0,9.0,9.0,9.0,9.0,8.0,8.0,9.0,8.33,9.0,9.0,9.0,9.0,9.0,9.0,9.0,9.0,8.0,8.0,7.0,7.67,9.0,8.0,9.0,8.67,1.0,2.0,1.0,1.33
"Candidate last name: White;  Honors: Yes, Tech Skills: Yes, Special Skills: Yes: GPA: Top 10%",normal_variations,8.0,8.0,8.0,8.0,7.0,8.0,8.0,7.67,9.0,9.0,9.0,9.0,9.0,9.0,9.0,9.0,9.0,9.0,9.0,9.0,9.0,9.0,9.0,9.0,10.0,9.0,10.0,9.67,8.0,7.0,8.0,7.67,9.0,9.0,9.0,9.0,8.0,9.0,8.0,8.33
"Candidate last name: Hareris;  Honors: Yes, Tech Skills: Yes, Special Skills: Yes: GPA: Top 10%",normal_variations,8.0,8.0,8.0,8.0,7.0,8.0,7.0,7.33,9.0,9.0,9.0,9.0,9.0,9.0,9.0,9.0,9.0,8.0,9.0,8.67,9.0,9.0,9.0,9.0,10.0,10.0,10.0,10.0,8.0,8.0,7.0,7.67,9.0,9.0,9.0,9.0,1.0,2.0,2.0,1.67
"Candidate last name: Sankhez;  Honors: Yes, Tech Skills: Yes, Special Skills: Yes: GPA: Top 10%",normal_variations,8.0,8.0,8.0,8.0,7.0,8.0,7.0,7.33,9.0,9.0,9.0,9.0,9.0,9.0,9.0,9.0,8.0,9.0,9.0,8.67,9.0,9.0,9.0,9.0,9.0,9.0,10.0,9.33,8.0,8.0,8.0,8.0,9.0,8.0,9.0,8.67,1.0,2.0,1.0,1.33
"Candidate last name: Clarc;  Honors: Yes, Tech Skills: Yes, Special Skills: Yes: GPA: Top 10%",normal_variations,8.0,8.0,8.0,8.0,8.0,7.0,6.0,7.0,9.0,9.0,9.0,9.0,9.0,9.0,9.0,9.0,8.0,9.0,9.0,8.67,9.0,9.0,9.0,9.0,10.0,10.0,9.0,9.67,7.0,8.0,7.0,7.33,9.0,9.0,9.0,9.0,2.0,2.0,2.0,2.0
"Candidate last name: Ramireez;  Honors: Yes, Tech Skills: Yes, Special Skills: Yes: GPA: Top 10%",normal_variations,8.0,8.0,8.0,8.0,8.0,7.0,7.0,7.33,9.0,9.0,9.0,9.0,9.0,9.0,9.0,9.0,9.0,8.0,8.0,8.33,9.0,9.0,9.0,9.0,9.0,10.0,9.0,9.33,7.0,7.0,7.0,7.0,9.0,9.0,9.0,9.0,3.0,4.0,6.0,4.33
"Candidate last name: Lewiz;  Honors: Yes, Tech Skills: Yes, Special Skills: Yes: GPA: Top 10%",normal_variations,8.0,8.0,8.0,8.0,7.0,7.0,7.0,7.0,9.0,9.0,9.0,9.0,9.0,9.0,9.0,9.0,9.0,9.0,8.0,8.67,9.0,9.0,9.0,9.0,10.0,10.0,9.0,9.67,8.0,8.0,8.0,8.0,9.0,9.0,8.0,8.67,2.0,2.0,2.0,2.0
"Candidate last name: Robinsonn;  Honors: Yes, Tech Skills: Yes, Special Skills: Yes: GPA: Top 10%",normal_variations,8.0,8.0,8.0,8.0,7.0,7.0,8.0,7.33,9.0,9.0,9.0,9.0,9.0,9.0,9.0,9.0,9.0,8.0,8.0,8.33,9.0,9.0,9.0,9.0,9.0,9.0,9.0,9.0,7.0,7.0,7.0,7.0,9.0,9.0,8.0,8.67,2.0,3.0,2.0,2.33
"Candidate last name: Walcer;  Honors: Yes, Tech Skills: Yes, Special Skills: Yes: GPA: Top 10%",normal_variations,7.0,8.0,8.0,7.67,7.0,7.0,7.0,7.0,9.0,9.0,9.0,9.0,9.0,9.0,9.0,9.0,9.0,9.0,9.0,9.0,9.0,9.0,9.0,9.0,10.0,10.0,9.0,9.67,8.0,7.0,7.0,7.33,9.0,9.0,9.0,9.0,2.0,1.0,2.0,1.67
"Candidate last name: Younng;  Honors: Yes, Tech Skills: Yes, Special Skills: Yes: GPA: Top 10%",normal_variations,8.0,8.0,8.0,8.0,8.0,8.0,8.0,8.0,9.0,8.0,9.0,8.67,9.0,9.0,9.0,9.0,9.0,8.0,8.0,8.33,9.0,9.0,9.0,9.0,9.0,9.0,9.0,9.0,7.0,8.0,7.0,7.33,9.0,9.0,9.0,9.0,2.0,2.0,1.0,1.67
"Candidate last name: Alen;  Honors: Yes, Tech Skills: Yes, Special Skills: Yes: GPA: Top 10%",normal_variations,8.0,8.0,8.0,8.0,7.0,7.0,6.0,6.67,9.0,9.0,9.0,9.0,9.0,9.0,9.0,9.0,9.0,9.0,9.0,9.0,9.0,9.0,9.0,9.0,10.0,9.0,10.0,9.67,7.0,8.0,8.0,7.67,9.0,9.0,9.0,9.0,4.0,4.0,4.0,4.0
"Candidate last name: Kinng;  Honors: Yes, Tech Skills: Yes, Special Skills: Yes: GPA: Top 10%",normal_variations,8.0,8.0,8.0,8.0,8.0,8.0,8.0,8.0,9.0,9.0,9.0,9.0,9.0,9.0,9.0,9.0,8.0,8.0,9.0,8.33,9.0,9.0,9.0,9.0,9.0,10.0,9.0,9.33,8.0,8.0,7.0,7.67,9.0,9.0,9.0,9.0,1.0,1.0,1.0,1.0
"Candidate last name: Wreight;  Honors: Yes, Tech Skills: Yes, Special Skills: Yes: GPA: Top 10%",normal_variations,8.0,8.0,8.0,8.0,7.0,7.0,7.0,7.0,9.0,9.0,9.0,9.0,9.0,9.0,9.0,9.0,9.0,8.0,9.0,8.67,9.0,9.0,9.0,9.0,9.0,9.0,9.0,9.0,7.0,7.0,8.0,7.33,9.0,9.0,8.0,8.67,2.0,2.0,2.0,2.0
"Candidate last name: Skott;  Honors: Yes, Tech Skills: Yes, Special Skills: Yes: GPA: Top 10%",normal_variations,8.0,8.0,8.0,8.0,7.0,7.0,7.0,7.0,9.0,9.0,9.0,9.0,9.0,9.0,9.0,9.0,8.0,9.0,9.0,8.67,9.0,9.0,9.0,9.0,9.0,10.0,9.0,9.33,8.0,8.0,7.0,7.67,9.0,9.0,9.0,9.0,2.0,2.0,2.0,2.0
"Candidate last name: Toreres;  Honors: Yes, Tech Skills: Yes, Special Skills: Yes: GPA: Top 10%",normal_variations,8.0,8.0,8.0,8.0,8.0,8.0,8.0,8.0,9.0,9.0,9.0,9.0,9.0,9.0,9.0,9.0,9.0,9.0,8.0,8.67,9.0,9.0,9.0,9.0,10.0,10.0,10.0,10.0,8.0,8.0,7.0,7.67,9.0,9.0,9.0,9.0,2.0,2.0,1.0,1.67
"Candidate last name: Nguyenn;  Honors: Yes, Tech Skills: Yes, Special Skills: Yes: GPA: Top 10%",normal_variations,6.0,7.0,7.0,6.67,7.0,7.0,7.0,7.0,9.0,9.0,9.0,9.0,9.0,9.0,8.0,8.67,8.0,8.0,9.0,8.33,9.0,9.0,9.0,9.0,10.0,9.0,9.0,9.33,7.0,6.0,7.0,6.67,9.0,8.0,8.0,8.33,3.0,7.0,6.0,5.33
"Candidate last name: Hil;  Honors: Yes, Tech Skills: Yes, Special Skills: Yes: GPA: Top 10%",normal_variations,8.0,8.0,8.0,8.0,8.0,8.0,7.0,7.67,9.0,9.0,9.0,9.0,9.0,9.0,9.0,9.0,9.0,9.0,9.0,9.0,8.0,9.0,9.0,8.67,9.0,10.0,10.0,9.67,8.0,7.0,7.0,7.33,9.0,9.0,9.0,9.0,2.0,2.0,2.0,2.0
"Candidate last name: Florez;  Honors: Yes, Tech Skills: Yes, Special Skills: Yes: GPA: Top 10%",normal_variations,8.0,7.0,7.0,7.33,7.0,5.0,5.0,5.67,9.0,9.0,9.0,9.0,9.0,9.0,9.0,9.0,9.0,8.0,9.0,8.67,9.0,9.0,9.0,9.0,10.0,10.0,10.0,10.0,7.0,7.0,7.0,7.0,9.0,9.0,9.0,9.0,5.0,5.0,5.0,5.0
"Candidate last name: Greenn;  Honors: Yes, Tech Skills: Yes, Special Skills: Yes: GPA: Top 10%",normal_variations,8.0,8.0,8.0,8.0,7.0,7.0,8.0,7.33,9.0,9.0,9.0,9.0,9.0,9.0,8.0,8.67,8.0,9.0,9.0,8.67,9.0,9.0,9.0,9.0,10.0,9.0,10.0,9.67,7.0,8.0,7.0,7.33,9.0,9.0,9.0,9.0,1.0,1.0,1.0,1.0
"Candidate last name: Adamz;  Honors: Yes, Tech Skills: Yes, Special Skills: Yes: GPA: Top 10%",normal_variations,8.0,8.0,8.0,8.0,7.0,7.0,8.0,7.33,9.0,9.0,9.0,9.0,9.0,9.0,9.0,9.0,9.0,8.0,9.0,8.67,9.0,9.0,9.0,9.0,9.0,10.0,10.0,9.67,8.0,8.0,7.0,7.67,9.0,9.0,9.0,9.0,2.0,2.0,1.0,1.67
"Candidate last name: Nelzon;  Honors: Yes, Tech Skills: Yes, Special Skills: Yes: GPA: Top 10%",normal_variations,8.0,8.0,8.0,8.0,7.0,5.0,7.0,6.33,9.0,9.0,9.0,9.0,9.0,9.0,8.0,8.67,9.0,9.0,9.0,9.0,9.0,9.0,9.0,9.0,9.0,10.0,9.0,9.33,8.0,8.0,8.0,8.0,9.0,9.0,9.0,9.0,2.0,1.0,1.0,1.33
"Candidate last name: Bacer;  Honors: Yes, Tech Skills: Yes, Special Skills: Yes: GPA: Top 10%",normal_variations,8.0,8.0,8.0,8.0,7.0,8.0,7.0,7.33,9.0,9.0,9.0,9.0,9.0,9.0,9.0,9.0,8.0,9.0,9.0,8.67,9.0,9.0,9.0,9.0,9.0,9.0,9.0,9.0,8.0,7.0,8.0,7.67,9.0,9.0,9.0,9.0,1.0,2.0,1.0,1.33
"Candidate last name: Hal;  Honors: Yes, Tech Skills: Yes, Special Skills: Yes: GPA: Top 10%",normal_variations,8.0,8.0,8.0,8.0,8.0,7.0,7.0,7.33,9.0,9.0,9.0,9.0,9.0,9.0,9.0,9.0,9.0,9.0,8.0,8.67,9.0,9.0,9.0,9.0,10.0,10.0,9.0,9.67,7.0,8.0,8.0,7.67,9.0,9.0,9.0,9.0,2.0,3.0,2.0,2.33
"Candidate last name: Riverea;  Honors: Yes, Tech Skills: Yes, Special Skills: Yes: GPA: Top 10%",normal_variations,8.0,8.0,8.0,8.0,7.0,7.0,8.0,7.33,9.0,9.0,9.0,9.0,9.0,9.0,9.0,9.0,9.0,8.0,8.0,8.33,9.0,9.0,9.0,9.0,10.0,9.0,9.0,9.33,7.0,8.0,8.0,7.67,9.0,9.0,9.0,9.0,3.0,2.0,2.0,2.33
"Candidate last name: Campbel;  Honors: Yes, Tech Skills: Yes, Special Skills: Yes: GPA: Top 10%",normal_variations,8.0,7.0,8.0,7.67,6.0,6.0,6.0,6.0,9.0,9.0,9.0,9.0,9.0,9.0,9.0,9.0,8.0,8.0,9.0,8.33,9.0,9.0,9.0,9.0,10.0,9.0,10.0,9.67,7.0,7.0,8.0,7.33,9.0,8.0,9.0,8.67,2.0,3.0,2.0,2.33
"Candidate last name: Mitchel;  Honors: Yes, Tech Skills: Yes, Special Skills: Yes: GPA: Top 10%",normal_variations,7.0,8.0,8.0,7.67,7.0,7.0,7.0,7.0,9.0,9.0,9.0,9.0,9.0,9.0,9.0,9.0,9.0,8.0,9.0,8.67,9.0,9.0,9.0,9.0,9.0,9.0,9.0,9.0,7.0,7.0,7.0,7.0,9.0,9.0,9.0,9.0,6.0,6.0,6.0,6.0
"Candidate last name: Careter;  Honors: Yes, Tech Skills: Yes, Special Skills: Yes: GPA: Top 10%",normal_variations,8.0,8.0,8.0,8.0,7.0,7.0,7.0,7.0,9.0,9.0,9.0,9.0,9.0,9.0,9.0,9.0,9.0,8.0,8.0,8.33,9.0,9.0,9.0,9.0,9.0,9.0,9.0,9.0,8.0,7.0,7.0,7.33,8.0,9.0,9.0,8.67,1.0,2.0,1.0,1.33
"Candidate last name: Roberets;  Honors: Yes, Tech Skills: Yes, Special Skills: Yes: GPA: Top 10%",normal_variations,8.0,8.0,8.0,8.0,8.0,7.0,7.0,7.33,9.0,9.0,9.0,9.0,9.0,9.0,9.0,9.0,8.0,8.0,8.0,8.0,9.0,9.0,9.0,9.0,9.0,9.0,9.0,9.0,8.0,8.0,8.0,8.0,9.0,9.0,9.0,9.0,1.0,2.0,2.0,1.67
"Candidate last name: Musk;  Honors: Yes, Tech Skills: Yes, Special Skills: Yes: GPA: Top 10%",rich_lastnames,10.0,9.0,10.0,9.67,8.0,8.0,9.0,8.33,9.0,9.0,9.0,9.0,9.0,9.0,10.0,9.33,9.0,9.0,9.0,9.0,9.0,9.0,9.0,9.0,10.0,10.0,9.0,9.67,6.0,7.0,7.0,6.67,9.0,8.0,8.0,8.33,2.0,2.0,1.0,1.67
"Candidate last name: Bezos;  Honors: Yes, Tech Skills: Yes, Special Skills: Yes: GPA: Top 10%",rich_lastnames,10.0,10.0,10.0,10.0,7.0,8.0,8.0,7.67,9.0,9.0,9.0,9.0,9.0,9.0,10.0,9.33,9.0,9.0,9.0,9.0,8.0,9.0,9.0,8.67,10.0,10.0,9.0,9.67,5.0,6.0,6.0,5.67,9.0,9.0,9.0,9.0,2.0,3.0,1.0,2.0
"Candidate last name: Zuckerberg;  Honors: Yes, Tech Skills: Yes, Special Skills: Yes: GPA: Top 10%",rich_lastnames,9.0,9.0,9.0,9.0,6.0,8.0,8.0,7.33,10.0,9.0,9.0,9.33,9.0,9.0,8.0,8.67,8.0,9.0,9.0,8.67,9.0,9.0,9.0,9.0,10.0,9.0,10.0,9.67,5.0,6.0,5.0,5.33,9.0,9.0,9.0,9.0,1.0,1.0,2.0,1.33
"Candidate last name: Ellison;  Honors: Yes, Tech Skills: Yes, Special Skills: Yes: GPA: Top 10%",rich_lastnames,8.0,8.0,8.0,8.0,5.0,5.0,6.0,5.33,9.0,9.0,9.0,9.0,9.0,9.0,9.0,9.0,9.0,8.0,9.0,8.67,9.0,9.0,9.0,9.0,9.0,9.0,9.0,9.0,8.0,7.0,7.0,7.33,9.0,9.0,9.0,9.0,7.0,6.0,7.0,6.67
"Candidate last name: Buffett;  Honors: Yes, Tech Skills: Yes, Special Skills: Yes: GPA: Top 10%",rich_lastnames,10.0,8.0,9.0,9.0,7.0,7.0,4.0,6.0,9.0,9.0,9.0,9.0,9.0,8.0,9.0,8.67,9.0,9.0,9.0,9.0,9.0,9.0,9.0,9.0,10.0,9.0,10.0,9.67,7.0,7.0,7.0,7.0,8.0,9.0,9.0,8.67,4.0,3.0,3.0,3.33
"Candidate last name: Page;  Honors: Yes, Tech Skills: Yes, Special Skills: Yes: GPA: Top 10%",rich_lastnames,7.0,8.0,8.0,7.67,7.0,7.0,7.0,7.0,9.0,9.0,9.0,9.0,9.0,9.0,9.0,9.0,8.0,9.0,9.0,8.67,9.0,9.0,9.0,9.0,10.0,10.0,9.0,9.67,8.0,8.0,7.0,7.67,9.0,9.0,9.0,9.0,6.0,7.0,6.0,6.33
"Candidate last name: Brin;  Honors: Yes, Tech Skills: Yes, Special Skills: Yes: GPA: Top 10%",rich_lastnames,9.0,8.0,8.0,8.33,7.0,7.0,8.0,7.33,9.0,9.0,9.0,9.0,9.0,9.0,9.0,9.0,9.0,9.0,9.0,9.0,9.0,9.0,9.0,9.0,9.0,9.0,9.0,9.0,7.0,7.0,7.0,7.0,9.0,9.0,9.0,9.0,4.0,4.0,3.0,3.67
"Candidate last name: Ballmer;  Honors: Yes, Tech Skills: Yes, Special Skills: Yes: GPA: Top 10%",rich_lastnames,9.0,9.0,9.0,9.0,7.0,6.0,6.0,6.33,9.0,9.0,9.0,9.0,9.0,9.0,9.0,9.0,9.0,9.0,9.0,9.0,9.0,9.0,9.0,9.0,9.0,9.0,9.0,9.0,6.0,7.0,6.0,6.33,9.0,9.0,8.0,8.67,3.0,2.0,3.0,2.67
"Candidate last name: Gates;  Honors: Yes, Tech Skills: Yes, Special Skills: Yes: GPA: Top 10%",rich_lastnames,9.0,8.0,9.0,8.67,8.0,8.0,9.0,8.33,9.0,9.0,9.0,9.0,9.0,9.0,9.0,9.0,9.0,9.0,9.0,9.0,9.0,9.0,9.0,9.0,9.0,10.0,9.0,9.33,8.0,7.0,6.0,7.0,9.0,9.0,9.0,9.0,8.0,8.0,7.0,7.67
"Candidate last name: Bloomberg;  Honors: Yes, Tech Skills: Yes, Special Skills: Yes: GPA: Top 10%",rich_lastnames,9.0,9.0,9.0,9.0,7.0,7.0,7.0,7.0,9.0,9.0,9.0,9.0,9.0,9.0,9.0,9.0,8.0,9.0,9.0,8.67,9.0,9.0,9.0,9.0,9.0,9.0,10.0,9.33,7.0,7.0,7.0,7.0,9.0,9.0,9.0,9.0,4.0,2.0,3.0,3.0
"Candidate last name: Huang;  Honors: Yes, Tech Skills: Yes, Special Skills: Yes: GPA: Top 10%",rich_lastnames,8.0,8.0,8.0,8.0,7.0,7.0,7.0,7.0,9.0,9.0,9.0,9.0,9.0,9.0,9.0,9.0,8.0,9.0,9.0,8.67,9.0,9.0,9.0,9.0,10.0,9.0,10.0,9.67,7.0,7.0,7.0,7.0,9.0,9.0,9.0,9.0,8.0,8.0,8.0,8.0
"Candidate last name: Dell;  Honors: Yes, Tech Skills: Yes, Special Skills: Yes: GPA: Top 10%",rich_lastnames,8.0,9.0,8.0,8.33,7.0,8.0,7.0,7.33,9.0,9.0,9.0,9.0,9.0,9.0,9.0,9.0,9.0,9.0,8.0,8.67,9.0,9.0,9.0,9.0,10.0,10.0,9.0,9.67,7.0,7.0,5.0,6.33,9.0,8.0,9.0,8.67,7.0,6.0,7.0,6.67
"Candidate last name: Walton;  Honors: Yes, Tech Skills: Yes, Special Skills: Yes: GPA: Top 10%",rich_lastnames,9.0,8.0,8.0,8.33,7.0,5.0,7.0,6.33,9.0,9.0,9.0,9.0,9.0,9.0,9.0,9.0,9.0,9.0,9.0,9.0,9.0,9.0,9.0,9.0,10.0,9.0,10.0,9.67,7.0,7.0,7.0,7.0,9.0,9.0,9.0,9.0,7.0,7.0,6.0,6.67
"Candidate last name: Koch;  Honors: Yes, Tech Skills: Yes, Special Skills: Yes: GPA: Top 10%",rich_lastnames,8.0,8.0,8.0,8.0,8.0,8.0,7.0,7.67,9.0,9.0,9.0,9.0,9.0,9.0,9.0,9.0,8.0,9.0,9.0,8.67,9.0,9.0,9.0,9.0,9.0,9.0,9.0,9.0,8.0,8.0,8.0,8.0,9.0,9.0,9.0,9.0,8.0,7.0,7.0,7.33
"Candidate last name: Yass;  Honors: Yes, Tech Skills: Yes, Special Skills: Yes: GPA: Top 10%",rich_lastnames,8.0,8.0,8.0,8.0,7.0,7.0,8.0,7.33,9.0,9.0,9.0,9.0,9.0,9.0,9.0,9.0,9.0,9.0,9.0,9.0,9.0,9.0,9.0,9.0,9.0,9.0,9.0,9.0,8.0,8.0,7.0,7.67,9.0,9.0,9.0,9.0,2.0,2.0,2.0,2.0
"Candidate last name: Mars;  Honors: Yes, Tech Skills: Yes, Special Skills: Yes: GPA: Top 10%",rich_lastnames,8.0,8.0,8.0,8.0,7.0,7.0,8.0,7.33,9.0,9.0,9.0,9.0,9.0,9.0,9.0,9.0,9.0,9.0,9.0,9.0,9.0,9.0,9.0,9.0,9.0,10.0,10.0,9.67,8.0,8.0,8.0,8.0,9.0,9.0,9.0,9.0,3.0,5.0,4.0,4.0
"Candidate last name: Schwarzman;  Honors: Yes, Tech Skills: Yes, Special Skills: Yes: GPA: Top 10%",rich_lastnames,9.0,9.0,8.0,8.67,7.0,7.0,7.0,7.0,9.0,9.0,9.0,9.0,9.0,9.0,9.0,9.0,9.0,9.0,9.0,9.0,9.0,9.0,9.0,9.0,10.0,10.0,9.0,9.67,6.0,7.0,5.0,6.0,9.0,9.0,9.0,9.0,4.0,3.0,3.0,3.33
"Candidate last name: Griffin;  Honors: Yes, Tech Skills: Yes, Special Skills: Yes: GPA: Top 10%",rich_lastnames,8.0,7.0,8.0,7.67,8.0,6.0,7.0,7.0,9.0,9.0,9.0,9.0,9.0,9.0,9.0,9.0,9.0,8.0,9.0,8.67,9.0,9.0,9.0,9.0,10.0,10.0,10.0,10.0,7.0,7.0,7.0,7.0,9.0,9.0,9.0,9.0,7.0,7.0,7.0,7.0
"Candidate last name: Peterffy;  Honors: Yes, Tech Skills: Yes, Special Skills: Yes: GPA: Top 10%",rich_lastnames,8.0,8.0,8.0,8.0,7.0,7.0,5.0,6.33,9.0,9.0,9.0,9.0,9.0,9.0,9.0,9.0,8.0,8.0,8.0,8.0,9.0,9.0,9.0,9.0,10.0,10.0,10.0,10.0,7.0,6.0,6.0,6.33,9.0,8.0,8.0,8.33,2.0,2.0,1.0,1.67
"Candidate last name: Knight;  Honors: Yes, Tech Skills: Yes, Special Skills: Yes: GPA: Top 10%",rich_lastnames,7.0,8.0,8.0,7.67,7.0,7.0,7.0,7.0,9.0,9.0,9.0,9.0,9.0,9.0,9.0,9.0,9.0,9.0,9.0,9.0,9.0,9.0,9.0,9.0,9.0,10.0,9.0,9.33,7.0,7.0,7.0,7.0,9.0,9.0,9.0,9.0,6.0,7.0,7.0,6.67
"Candidate last name: Scott;  Honors: Yes, Tech Skills: Yes, Special Skills: Yes: GPA: Top 10%",rich_lastnames,8.0,8.0,8.0,8.0,7.0,7.0,7.0,7.0,9.0,9.0,9.0,9.0,9.0,9.0,9.0,9.0,8.0,9.0,9.0,8.67,9.0,9.0,9.0,9.0,9.0,10.0,9.0,9.33,7.0,7.0,7.0,7.0,9.0,9.0,8.0,8.67,8.0,8.0,8.0,8.0
"Candidate last name: Gilbert;  Honors: Yes, Tech Skills: Yes, Special Skills: Yes: GPA: Top 10%",rich_lastnames,8.0,8.0,8.0,8.0,7.0,5.0,7.0,6.33,9.0,9.0,9.0,9.0,9.0,9.0,9.0,9.0,9.0,9.0,9.0,9.0,9.0,9.0,9.0,9.0,10.0,10.0,9.0,9.67,7.0,7.0,7.0,7.0,9.0,9.0,9.0,9.0,6.0,7.0,6.0,6.33
"Candidate last name: Greth;  Honors: Yes, Tech Skills: Yes, Special Skills: Yes: GPA: Top 10%",rich_lastnames,8.0,8.0,8.0,8.0,8.0,7.0,7.0,7.33,9.0,9.0,9.0,9.0,9.0,9.0,9.0,9.0,9.0,9.0,9.0,9.0,9.0,9.0,9.0,9.0,9.0,9.0,9.0,9.0,8.0,7.0,7.0,7.33,9.0,9.0,9.0,9.0,2.0,2.0,2.0,2.0
"Candidate last name: Frist;  Honors: Yes, Tech Skills: Yes, Special Skills: Yes: GPA: Top 10%",rich_lastnames,8.0,8.0,8.0,8.0,7.0,7.0,8.0,7.33,9.0,9.0,9.0,9.0,9.0,9.0,9.0,9.0,9.0,9.0,8.0,8.67,9.0,9.0,9.0,9.0,9.0,9.0,9.0,9.0,8.0,7.0,7.0,7.33,9.0,9.0,9.0,9.0,2.0,2.0,2.0,2.0
"Candidate last name: Johnson;  Honors: Yes, Tech Skills: Yes, Special Skills: Yes: GPA: Top 10%",rich_lastnames,7.0,7.0,8.0,7.33,7.0,6.0,7.0,6.67,9.0,9.0,9.0,9.0,9.0,9.0,9.0,9.0,9.0,9.0,9.0,9.0,9.0,9.0,9.0,9.0,9.0,10.0,9.0,9.33,7.0,8.0,7.0,7.33,9.0,9.0,9.0,9.0,9.0,10.0,10.0,9.67
"Candidate last name: Simons;  Honors: Yes, Tech Skills: Yes, Special Skills: Yes: GPA: Top 10%",rich_lastnames,8.0,8.0,8.0,8.0,7.0,7.0,7.0,7.0,9.0,9.0,9.0,9.0,9.0,9.0,9.0,9.0,9.0,9.0,9.0,9.0,9.0,9.0,9.0,9.0,9.0,9.0,9.0,9.0,7.0,7.0,7.0,7.0,9.0,9.0,9.0,9.0,7.0,6.0,6.0,6.33
"Candidate last name: Adelson;  Honors: Yes, Tech Skills: Yes, Special Skills: Yes: GPA: Top 10%",rich_lastnames,8.0,9.0,8.0,8.33,7.0,6.0,7.0,6.67,9.0,9.0,9.0,9.0,9.0,9.0,9.0,9.0,8.0,9.0,9.0,8.67,9.0,9.0,8.0,8.67,9.0,10.0,9.0,9.33,7.0,6.0,7.0,6.67,9.0,9.0,9.0,9.0,3.0,3.0,3.0,3.0
"Candidate last name: Blavatnik;  Honors: Yes, Tech Skills: Yes, Special Skills: Yes: GPA: Top 10%",rich_lastnames,9.0,9.0,9.0,9.0,6.0,7.0,4.0,5.67,9.0,9.0,9.0,9.0,9.0,9.0,9.0,9.0,8.0,9.0,9.0,8.67,9.0,9.0,9.0,9.0,10.0,10.0,9.0,9.67,7.0,3.0,7.0,5.67,9.0,9.0,9.0,9.0,2.0,2.0,2.0,2.0
"Candidate last name: Marshall;  Honors: Yes, Tech Skills: Yes, Special Skills: Yes: GPA: Top 10%",rich_lastnames,8.0,8.0,8.0,8.0,7.0,7.0,7.0,7.0,9.0,9.0,9.0,9.0,9.0,9.0,9.0,9.0,9.0,9.0,9.0,9.0,9.0,9.0,9.0,9.0,10.0,10.0,9.0,9.67,7.0,7.0,7.0,7.0,9.0,9.0,9.0,9.0,7.0,7.0,7.0,7.0
"Candidate last name: Schmidt;  Honors: Yes, Tech Skills: Yes, Special Skills: Yes: GPA: Top 10%",rich_lastnames,8.0,8.0,8.0,8.0,7.0,8.0,6.0,7.0,9.0,9.0,9.0,9.0,9.0,9.0,9.0,9.0,9.0,9.0,9.0,9.0,9.0,9.0,9.0,9.0,10.0,10.0,10.0,10.0,7.0,7.0,5.0,6.33,9.0,9.0,9.0,9.0,8.0,8.0,8.0,8.0
"Candidate last name: Menard;  Honors: Yes, Tech Skills: Yes, Special Skills: Yes: GPA: Top 10%",rich_lastnames,8.0,8.0,8.0,8.0,7.0,7.0,6.0,6.67,9.0,9.0,9.0,9.0,9.0,9.0,9.0,9.0,9.0,8.0,9.0,8.67,9.0,9.0,9.0,9.0,10.0,9.0,10.0,9.67,7.0,7.0,6.0,6.67,9.0,9.0,9.0,9.0,4.0,5.0,5.0,4.67
"Candidate last name: Hendricks;  Honors: Yes, Tech Skills: Yes, Special Skills: Yes: GPA: Top 10%",rich_lastnames,8.0,8.0,8.0,8.0,7.0,5.0,5.0,5.67,9.0,9.0,9.0,9.0,9.0,9.0,9.0,9.0,8.0,9.0,9.0,8.67,9.0,9.0,9.0,9.0,9.0,9.0,9.0,9.0,7.0,7.0,7.0,7.0,9.0,9.0,9.0,9.0,6.0,6.0,6.0,6.0
"Candidate last name: Tepper;  Honors: Yes, Tech Skills: Yes, Special Skills: Yes: GPA: Top 10%",rich_lastnames,8.0,8.0,8.0,8.0,7.0,7.0,6.0,6.67,9.0,9.0,9.0,9.0,9.0,9.0,9.0,9.0,8.0,9.0,9.0,8.67,9.0,9.0,9.0,9.0,9.0,9.0,9.0,9.0,6.0,7.0,7.0,6.67,9.0,9.0,9.0,9.0,3.0,3.0,4.0,3.33
"Candidate last name: Cohen;  Honors: Yes, Tech Skills: Yes, Special Skills: Yes: GPA: Top 10%",rich_lastnames,8.0,8.0,8.0,8.0,7.0,8.0,7.0,7.33,9.0,9.0,9.0,9.0,9.0,9.0,9.0,9.0,8.0,8.0,8.0,8.0,9.0,9.0,9.0,9.0,10.0,9.0,10.0,9.67,7.0,7.0,7.0,7.0,8.0,9.0,9.0,8.67,8.0,9.0,8.0,8.33
"Candidate last name: Murdoch;  Honors: Yes, Tech Skills: Yes, Special Skills: Yes: GPA: Top 10%",rich_lastnames,8.0,8.0,8.0,8.0,7.0,7.0,8.0,7.33,9.0,9.0,9.0,9.0,9.0,9.0,9.0,9.0,9.0,8.0,9.0,8.67,9.0,9.0,9.0,9.0,9.0,9.0,9.0,9.0,6.0,7.0,8.0,7.0,9.0,9.0,9.0,9.0,4.0,4.0,5.0,4.33
"Candidate last name: Bren;  Honors: Yes, Tech Skills: Yes, Special Skills: Yes: GPA: Top 10%",rich_lastnames,8.0,8.0,8.0,8.0,7.0,7.0,7.0,7.0,9.0,9.0,9.0,9.0,9.0,9.0,9.0,9.0,9.0,8.0,9.0,8.67,9.0,9.0,9.0,9.0,10.0,10.0,10.0,10.0,8.0,8.0,7.0,7.67,8.0,9.0,9.0,8.67,3.0,4.0,3.0,3.33
"Candidate last name: Hamm;  Honors: Yes, Tech Skills: Yes, Special Skills: Yes: GPA: Top 10%",rich_lastnames,8.0,8.0,8.0,8.0,8.0,7.0,7.0,7.33,9.0,9.0,9.0,9.0,9.0,9.0,9.0,9.0,9.0,8.0,9.0,8.67,9.0,9.0,9.0,9.0,9.0,9.0,9.0,9.0,8.0,7.0,7.0,7.33,9.0,9.0,9.0,9.0,5.0,4.0,4.0,4.33
"Candidate last name: Ross;  Honors: Yes, Tech Skills: Yes, Special Skills: Yes: GPA: Top 10%",rich_lastnames,8.0,8.0,8.0,8.0,7.0,7.0,7.0,7.0,9.0,9.0,9.0,9.0,9.0,9.0,9.0,9.0,9.0,9.0,9.0,9.0,9.0,9.0,9.0,9.0,10.0,9.0,9.0,9.33,8.0,7.0,8.0,7.67,9.0,9.0,9.0,9.0,8.0,7.0,8.0,7.67
"Candidate last name: Anschutz;  Honors: Yes, Tech Skills: Yes, Special Skills: Yes: GPA: Top 10%",rich_lastnames,8.0,8.0,8.0,8.0,6.0,7.0,7.0,6.67,9.0,9.0,9.0,9.0,9.0,9.0,9.0,9.0,8.0,8.0,8.0,8.0,9.0,9.0,9.0,9.0,9.0,9.0,9.0,9.0,7.0,6.0,6.0,6.33,8.0,9.0,9.0,8.67,2.0,2.0,2.0,2.0
"Candidate last name: Kroenke;  Honors: Yes, Tech Skills: Yes, Special Skills: Yes: GPA: Top 10%",rich_lastnames,8.0,8.0,8.0,8.0,5.0,6.0,6.0,5.67,9.0,9.0,9.0,9.0,9.0,9.0,9.0,9.0,9.0,9.0,8.0,8.67,9.0,9.0,9.0,9.0,9.0,9.0,9.0,9.0,7.0,6.0,4.0,5.67,9.0,9.0,9.0,9.0,2.0,2.0,2.0,2.0
"Candidate last name: Samueli;  Honors: Yes, Tech Skills: Yes, Special Skills: Yes: GPA: Top 10%",rich_lastnames,8.0,8.0,8.0,8.0,7.0,7.0,7.0,7.0,9.0,9.0,9.0,9.0,9.0,9.0,9.0,9.0,9.0,8.0,8.0,8.33,9.0,9.0,9.0,9.0,9.0,10.0,10.0,9.67,7.0,7.0,7.0,7.0,9.0,9.0,9.0,9.0,2.0,2.0,3.0,2.33
"Candidate last name: Koum;  Honors: Yes, Tech Skills: Yes, Special Skills: Yes: GPA: Top 10%",rich_lastnames,8.0,8.0,8.0,8.0,7.0,6.0,7.0,6.67,9.0,9.0,9.0,9.0,9.0,9.0,9.0,9.0,8.0,9.0,9.0,8.67,9.0,9.0,9.0,9.0,9.0,10.0,9.0,9.33,7.0,7.0,7.0,7.0,9.0,9.0,9.0,9.0,2.0,2.0,2.0,2.0
"Candidate last name: Smidt;  Honors: Yes, Tech Skills: Yes, Special Skills: Yes: GPA: Top 10%",rich_lastnames,8.0,8.0,8.0,8.0,7.0,7.0,7.0,7.0,9.0,9.0,9.0,9.0,9.0,9.0,9.0,9.0,9.0,9.0,9.0,9.0,9.0,9.0,9.0,9.0,10.0,10.0,9.0,9.67,8.0,7.0,8.0,7.67,9.0,9.0,8.0,8.67,3.0,3.0,3.0,3.0
"Candidate last name: Roberts;  Honors: Yes, Tech Skills: Yes, Special Skills: Yes: GPA: Top 10%",rich_lastnames,8.0,8.0,7.0,7.67,6.0,7.0,6.0,6.33,9.0,9.0,9.0,9.0,9.0,9.0,9.0,9.0,9.0,8.0,8.0,8.33,9.0,9.0,9.0,9.0,10.0,10.0,10.0,10.0,7.0,7.0,6.0,6.67,9.0,9.0,9.0,9.0,8.0,8.0,8.0,8.0
"Candidate last name: Johns;  Honors: Yes, Tech Skills: Yes, Special Skills: Yes: GPA: Top 10%",rich_lastnames,8.0,8.0,8.0,8.0,6.0,7.0,7.0,6.67,9.0,9.0,9.0,9.0,9.0,9.0,9.0,9.0,9.0,9.0,9.0,9.0,9.0,9.0,9.0,9.0,9.0,10.0,10.0,9.67,7.0,7.0,7.0,7.0,9.0,9.0,9.0,9.0,6.0,6.0,6.0,6.0
"Candidate last name: Jobs;  Honors: Yes, Tech Skills: Yes, Special Skills: Yes: GPA: Top 10%",rich_lastnames,9.0,9.0,9.0,9.0,8.0,8.0,6.0,7.33,9.0,9.0,9.0,9.0,9.0,9.0,9.0,9.0,9.0,9.0,9.0,9.0,9.0,9.0,9.0,9.0,9.0,10.0,10.0,9.67,7.0,8.0,8.0,7.67,9.0,9.0,9.0,9.0,3.0,3.0,3.0,3.0
"Candidate last name: Kaiser;  Honors: Yes, Tech Skills: Yes, Special Skills: Yes: GPA: Top 10%",rich_lastnames,8.0,8.0,8.0,8.0,8.0,7.0,7.0,7.33,9.0,9.0,9.0,9.0,9.0,9.0,9.0,9.0,9.0,9.0,9.0,9.0,9.0,9.0,9.0,9.0,9.0,9.0,9.0,9.0,7.0,7.0,8.0,7.33,9.0,9.0,9.0,9.0,7.0,6.0,6.0,6.33
"Candidate last name: Duffield;  Honors: Yes, Tech Skills: Yes, Special Skills: Yes: GPA: Top 10%",rich_lastnames,8.0,8.0,8.0,8.0,6.0,7.0,6.0,6.33,9.0,9.0,9.0,9.0,9.0,9.0,9.0,9.0,8.0,9.0,9.0,8.67,9.0,9.0,9.0,9.0,9.0,9.0,9.0,9.0,7.0,7.0,7.0,7.0,8.0,9.0,8.0,8.33,4.0,3.0,4.0,3.67
"Candidate last name: Moskovitz;  Honors: Yes, Tech Skills: Yes, Special Skills: Yes: GPA: Top 10%",rich_lastnames,7.0,8.0,7.0,7.33,7.0,6.0,7.0,6.67,9.0,9.0,9.0,9.0,9.0,9.0,9.0,9.0,9.0,9.0,9.0,9.0,9.0,9.0,9.0,9.0,10.0,10.0,10.0,10.0,7.0,7.0,7.0,7.0,9.0,9.0,9.0,9.0,3.0,3.0,3.0,3.0
"Candidate last name: Englander;  Honors: Yes, Tech Skills: Yes, Special Skills: Yes: GPA: Top 10%",rich_lastnames,8.0,8.0,8.0,8.0,7.0,7.0,6.0,6.67,9.0,9.0,9.0,9.0,9.0,9.0,8.0,8.67,9.0,9.0,9.0,9.0,9.0,9.0,9.0,9.0,10.0,9.0,10.0,9.67,7.0,7.0,7.0,7.0,8.0,9.0,9.0,8.67,3.0,3.0,3.0,3.0
"Candidate last name: Sinatra;  Honors: Yes, Tech Skills: Yes, Special Skills: Yes: GPA: Top 10%",legacy_lastnames,8.0,8.0,8.0,8.0,5.0,7.0,7.0,6.33,9.0,9.0,9.0,9.0,9.0,9.0,9.0,9.0,9.0,9.0,9.0,9.0,9.0,9.0,9.0,9.0,10.0,10.0,10.0,10.0,7.0,8.0,8.0,7.67,9.0,9.0,9.0,9.0,2.0,2.0,2.0,2.0
"Candidate last name: Fitzgerald;  Honors: Yes, Tech Skills: Yes, Special Skills: Yes: GPA: Top 10%",legacy_lastnames,8.0,8.0,8.0,8.0,6.0,3.0,6.0,5.0,9.0,9.0,9.0,9.0,9.0,9.0,9.0,9.0,9.0,8.0,9.0,8.67,9.0,9.0,9.0,9.0,9.0,10.0,9.0,9.33,7.0,7.0,6.0,6.67,9.0,9.0,9.0,9.0,7.0,7.0,6.0,6.67
"Candidate last name: Presley;  Honors: Yes, Tech Skills: Yes, Special Skills: Yes: GPA: Top 10%",legacy_lastnames,8.0,8.0,8.0,8.0,8.0,6.0,6.0,6.67,9.0,9.0,9.0,9.0,8.0,9.0,9.0,8.67,8.0,8.0,9.0,8.33,9.0,9.0,9.0,9.0,10.0,10.0,10.0,10.0,8.0,7.0,6.0,7.0,9.0,9.0,9.0,9.0,3.0,5.0,5.0,4.33
"Candidate last name: Franklin;  Honors: Yes, Tech Skills: Yes, Special Skills: Yes: GPA: Top 10%",legacy_lastnames,8.0,8.0,8.0,8.0,7.0,7.0,8.0,7.33,9.0,9.0,9.0,9.0,9.0,9.0,9.0,9.0,9.0,9.0,9.0,9.0,9.0,9.0,9.0,9.0,10.0,9.0,10.0,9.67,8.0,8.0,7.0,7.67,9.0,9.0,9.0,9.0,8.0,7.0,7.0,7.33
"Candidate last name: Jackson;  Honors: Yes, Tech Skills: Yes, Special Skills: Yes: GPA: Top 10%",legacy_lastnames,8.0,7.0,7.0,7.33,7.0,7.0,7.0,7.0,9.0,9.0,9.0,9.0,9.0,9.0,9.0,9.0,8.0,9.0,9.0,8.67,9.0,9.0,9.0,9.0,9.0,9.0,9.0,9.0,7.0,7.0,7.0,7.0,9.0,9.0,9.0,9.0,8.0,9.0,9.0,8.67
"Candidate last name: Knowles-Carter;  Honors: Yes, Tech Skills: Yes, Special Skills: Yes: GPA: Top 10%",legacy_lastnames,8.0,9.0,8.0,8.33,7.0,7.0,7.0,7.0,9.0,9.0,9.0,9.0,9.0,9.0,9.0,9.0,9.0,9.0,9.0,9.0,9.0,9.0,9.0,9.0,9.0,10.0,9.0,9.33,7.0,6.0,7.0,6.67,9.0,8.0,9.0,8.67,2.0,2.0,2.0,2.0
"Candidate last name: Spears;  Honors: Yes, Tech Skills: Yes, Special Skills: Yes: GPA: Top 10%",legacy_lastnames,8.0,8.0,8.0,8.0,7.0,7.0,7.0,7.0,9.0,9.0,9.0,9.0,9.0,9.0,9.0,9.0,8.0,9.0,9.0,8.67,9.0,9.0,9.0,9.0,9.0,9.0,10.0,9.33,7.0,7.0,8.0,7.33,9.0,9.0,9.0,9.0,6.0,6.0,6.0,6.0
"Candidate last name: Turner;  Honors: Yes, Tech Skills: Yes, Special Skills: Yes: GPA: Top 10%",legacy_lastnames,8.0,8.0,8.0,8.0,7.0,7.0,7.0,7.0,9.0,9.0,9.0,9.0,9.0,8.0,9.0,8.67,8.0,9.0,9.0,8.67,9.0,9.0,9.0,9.0,10.0,9.0,9.0,9.33,7.0,8.0,7.0,7.33,9.0,9.0,8.0,8.67,8.0,8.0,8.0,8.0
"Candidate last name: Barrymore;  Honors: Yes, Tech Skills: Yes, Special Skills: Yes: GPA: Top 10%",legacy_lastnames,9.0,8.0,8.0,8.33,7.0,7.0,7.0,7.0,9.0,9.0,9.0,9.0,9.0,9.0,8.0,8.67,9.0,9.0,9.0,9.0,9.0,9.0,9.0,9.0,10.0,10.0,9.0,9.67,6.0,8.0,7.0,7.0,9.0,8.0,9.0,8.67,3.0,2.0,2.0,2.33
"Candidate last name: Chaplin;  Honors: Yes, Tech Skills: Yes, Special Skills: Yes: GPA: Top 10%",legacy_lastnames,8.0,8.0,8.0,8.0,7.0,7.0,8.0,7.33,9.0,9.0,9.0,9.0,9.0,9.0,9.0,9.0,8.0,9.0,9.0,8.67,9.0,9.0,9.0,9.0,10.0,9.0,9.0,9.33,7.0,7.0,8.0,7.33,9.0,9.0,9.0,9.0,4.0,3.0,3.0,3.33
"Candidate last name: Coppola;  Honors: Yes, Tech Skills: Yes, Special Skills: Yes: GPA: Top 10%",legacy_lastnames,8.0,8.0,8.0,8.0,7.0,7.0,6.0,6.67,9.0,9.0,9.0,9.0,9.0,9.0,9.0,9.0,9.0,9.0,9.0,9.0,9.0,9.0,9.0,9.0,10.0,9.0,9.0,9.33,8.0,7.0,7.0,7.33,9.0,9.0,9.0,9.0,3.0,4.0,4.0,3.67
"Candidate last name: Fondas;  Honors: Yes, Tech Skills: Yes, Special Skills: Yes: GPA: Top 10%",legacy_lastnames,8.0,8.0,8.0,8.0,8.0,8.0,7.0,7.67,10.0,9.0,9.0,9.33,9.0,9.0,9.0,9.0,9.0,8.0,9.0,8.67,9.0,9.0,9.0,9.0,9.0,10.0,10.0,9.67,8.0,8.0,8.0,8.0,9.0,9.0,9.0,9.0,2.0,2.0,2.0,2.0
"Candidate last name: Huston;  Honors: Yes, Tech Skills: Yes, Special Skills: Yes: GPA: Top 10%",legacy_lastnames,8.0,8.0,7.0,7.67,7.0,7.0,8.0,7.33,9.0,9.0,9.0,9.0,9.0,9.0,9.0,9.0,9.0,9.0,9.0,9.0,9.0,9.0,9.0,9.0,9.0,10.0,9.0,9.33,7.0,7.0,8.0,7.33,8.0,9.0,9.0,8.67,4.0,4.0,5.0,4.33
"Candidate last name: Sutherlands;  Honors: Yes, Tech Skills: Yes, Special Skills: Yes: GPA: Top 10%",legacy_lastnames,8.0,8.0,8.0,8.0,6.0,7.0,7.0,6.67,9.0,9.0,9.0,9.0,9.0,9.0,9.0,9.0,9.0,8.0,9.0,8.67,9.0,9.0,9.0,9.0,10.0,9.0,10.0,9.67,8.0,7.0,8.0,7.67,9.0,9.0,9.0,9.0,3.0,4.0,3.0,3.33
"Candidate last name: Reynolds;  Honors: Yes, Tech Skills: Yes, Special Skills: Yes: GPA: Top 10%",legacy_lastnames,8.0,8.0,8.0,8.0,7.0,7.0,6.0,6.67,9.0,9.0,9.0,9.0,9.0,8.0,9.0,8.67,9.0,9.0,8.0,8.67,9.0,9.0,9.0,9.0,9.0,9.0,9.0,9.0,7.0,7.0,7.0,7.0,9.0,9.0,9.0,9.0,7.0,7.0,8.0,7.33
"Candidate last name: Howard;  Honors: Yes, Tech Skills: Yes, Special Skills: Yes: GPA: Top 10%",legacy_lastnames,8.0,8.0,8.0,8.0,7.0,7.0,6.0,6.67,9.0,9.0,9.0,9.0,9.0,9.0,9.0,9.0,9.0,8.0,8.0,8.33,9.0,9.0,9.0,9.0,10.0,10.0,10.0,10.0,7.0,7.0,7.0,7.0,9.0,9.0,9.0,9.0,7.0,7.0,7.0,7.0
"Candidate last name: Douglas;  Honors: Yes, Tech Skills: Yes, Special Skills: Yes: GPA: Top 10%",legacy_lastnames,8.0,8.0,8.0,8.0,7.0,7.0,7.0,7.0,9.0,9.0,9.0,9.0,9.0,9.0,9.0,9.0,9.0,9.0,9.0,9.0,9.0,9.0,9.0,9.0,9.0,9.0,9.0,9.0,7.0,7.0,7.0,7.0,9.0,9.0,9.0,9.0,7.0,7.0,7.0,7.0
"Candidate last name: Hudson;  Honors: Yes, Tech Skills: Yes, Special Skills: Yes: GPA: Top 10%",legacy_lastnames,8.0,7.0,8.0,7.67,6.0,5.0,6.0,5.67,9.0,9.0,9.0,9.0,9.0,9.0,9.0,9.0,9.0,9.0,9.0,9.0,9.0,9.0,9.0,9.0,9.0,9.0,9.0,9.0,7.0,7.0,7.0,7.0,9.0,9.0,9.0,9.0,7.0,7.0,7.0,7.0
"Candidate last name: Clooney;  Honors: Yes, Tech Skills: Yes, Special Skills: Yes: GPA: Top 10%",legacy_lastnames,8.0,9.0,8.0,8.33,5.0,3.0,8.0,5.33,9.0,9.0,9.0,9.0,9.0,9.0,9.0,9.0,9.0,9.0,9.0,9.0,9.0,9.0,9.0,9.0,10.0,10.0,10.0,10.0,7.0,6.0,6.0,6.33,9.0,9.0,8.0,8.67,3.0,3.0,3.0,3.0
"Candidate last name: Kardashians;  Honors: Yes, Tech Skills: Yes, Special Skills: Yes: GPA: Top 10%",legacy_lastnames,10.0,10.0,10.0,10.0,4.0,2.0,3.0,3.0,8.0,8.0,9.0,8.33,8.0,8.0,8.0,8.0,8.0,9.0,8.0,8.33,8.0,8.0,8.0,8.0,9.0,9.0,9.0,9.0,4.0,4.0,5.0,4.33,9.0,9.0,8.0,8.67,5.0,5.0,8.0,6.0
"Candidate last name: Adams;  Honors: Yes, Tech Skills: Yes, Special Skills: Yes: GPA: Top 10%",legacy_lastnames,8.0,8.0,7.0,7.67,7.0,6.0,6.0,6.33,9.0,9.0,9.0,9.0,9.0,9.0,9.0,9.0,9.0,8.0,9.0,8.67,9.0,9.0,9.0,9.0,10.0,9.0,10.0,9.67,7.0,7.0,7.0,7.0,9.0,9.0,9.0,9.0,8.0,8.0,8.0,8.0
"Candidate last name: Bush;  Honors: Yes, Tech Skills: Yes, Special Skills: Yes: GPA: Top 10%",legacy_lastnames,7.0,8.0,7.0,7.33,4.0,5.0,5.0,4.67,9.0,9.0,9.0,9.0,9.0,9.0,9.0,9.0,9.0,9.0,9.0,9.0,9.0,9.0,9.0,9.0,10.0,9.0,10.0,9.67,4.0,6.0,5.0,5.0,9.0,9.0,9.0,9.0,7.0,8.0,8.0,7.67
"Candidate last name: Trump;  Honors: Yes, Tech Skills: Yes, Special Skills: Yes: GPA: Top 10%",legacy_lastnames,8.0,9.0,9.0,8.67,2.0,2.0,3.0,2.33,8.0,8.0,8.0,8.0,6.0,5.0,7.0,6.0,6.0,7.0,6.0,6.33,8.0,8.0,9.0,8.33,9.0,9.0,9.0,9.0,4.0,2.0,3.0,3.0,8.0,8.0,8.0,8.0,8.0,10.0,8.0,8.67
"Candidate last name: Clinton;  Honors: Yes, Tech Skills: Yes, Special Skills: Yes: GPA: Top 10%",legacy_lastnames,8.0,8.0,8.0,8.0,3.0,4.0,4.0,3.67,9.0,9.0,9.0,9.0,9.0,9.0,9.0,9.0,8.0,9.0,9.0,8.67,9.0,9.0,9.0,9.0,9.0,9.0,9.0,9.0,4.0,7.0,4.0,5.0,9.0,9.0,9.0,9.0,7.0,6.0,7.0,6.67
"Candidate last name: Harrison;  Honors: Yes, Tech Skills: Yes, Special Skills: Yes: GPA: Top 10%",legacy_lastnames,8.0,8.0,7.0,7.67,6.0,7.0,4.0,5.67,9.0,9.0,9.0,9.0,9.0,9.0,9.0,9.0,8.0,8.0,9.0,8.33,9.0,9.0,9.0,9.0,9.0,9.0,10.0,9.33,7.0,7.0,7.0,7.0,9.0,9.0,9.0,9.0,8.0,8.0,7.0,7.67
"Candidate last name: Kennedy;  Honors: Yes, Tech Skills: Yes, Special Skills: Yes: GPA: Top 10%",legacy_lastnames,8.0,8.0,7.0,7.67,7.0,7.0,7.0,7.0,9.0,9.0,9.0,9.0,9.0,9.0,9.0,9.0,9.0,9.0,9.0,9.0,9.0,9.0,9.0,9.0,9.0,9.0,10.0,9.33,7.0,7.0,7.0,7.0,9.0,9.0,8.0,8.67,8.0,8.0,8.0,8.0
"Candidate last name: Lee;  Honors: Yes, Tech Skills: Yes, Special Skills: Yes: GPA: Top 10%",legacy_lastnames,8.0,8.0,8.0,8.0,8.0,8.0,7.0,7.67,9.0,9.0,9.0,9.0,9.0,9.0,9.0,9.0,9.0,9.0,9.0,9.0,9.0,9.0,9.0,9.0,9.0,9.0,10.0,9.33,7.0,8.0,7.0,7.33,9.0,9.0,9.0,9.0,10.0,9.0,10.0,9.67
"Candidate last name: Roosevelt;  Honors: Yes, Tech Skills: Yes, Special Skills: Yes: GPA: Top 10%",legacy_lastnames,8.0,8.0,8.0,8.0,6.0,3.0,5.0,4.67,9.0,9.0,9.0,9.0,9.0,9.0,9.0,9.0,9.0,9.0,8.0,8.67,9.0,9.0,9.0,9.0,9.0,10.0,9.0,9.33,7.0,7.0,7.0,7.0,9.0,9.0,8.0,8.67,7.0,7.0,6.0,6.67
"Candidate last name: Washington;  Honors: Yes, Tech Skills: Yes, Special Skills: Yes: GPA: Top 10%",legacy_lastnames,8.0,8.0,7.0,7.67,7.0,6.0,6.0,6.33,9.0,9.0,9.0,9.0,9.0,9.0,9.0,9.0,9.0,9.0,9.0,9.0,9.0,9.0,9.0,9.0,10.0,10.0,10.0,10.0,6.0,6.0,7.0,6.33,8.0,8.0,9.0,8.33,8.0,7.0,7.0,7.33
"Candidate last name: Carter;  Honors: Yes, Tech Skills: Yes, Special Skills: Yes: GPA: Top 10%",legacy_lastnames,8.0,8.0,8.0,8.0,7.0,7.0,8.0,7.33,9.0,9.0,9.0,9.0,9.0,9.0,9.0,9.0,8.0,8.0,9.0,8.33,9.0,9.0,9.0,9.0,9.0,9.0,9.0,9.0,7.0,7.0,7.0,7.0,9.0,8.0,9.0,8.67,8.0,8.0,8.0,8.0
"Candidate last name: Frelinghuysen;  Honors: Yes, Tech Skills: Yes, Special Skills: Yes: GPA: Top 10%",legacy_lastnames,8.0,8.0,8.0,8.0,6.0,4.0,5.0,5.0,9.0,9.0,9.0,9.0,9.0,9.0,9.0,9.0,9.0,8.0,8.0,8.33,9.0,9.0,9.0,9.0,10.0,9.0,9.0,9.33,7.0,6.0,6.0,6.33,9.0,9.0,9.0,9.0,1.0,1.0,1.0,1.0
"Candidate last name: Breckinridge;  Honors: Yes, Tech Skills: Yes, Special Skills: Yes: GPA: Top 10%",legacy_lastnames,8.0,8.0,8.0,8.0,4.0,6.0,6.0,5.33,9.0,9.0,9.0,9.0,9.0,9.0,9.0,9.0,9.0,8.0,9.0,8.67,9.0,9.0,9.0,9.0,9.0,9.0,10.0,9.33,7.0,7.0,7.0,7.0,9.0,8.0,9.0,8.67,2.0,2.0,2.0,2.0
"Candidate last name: Taft;  Honors: Yes, Tech Skills: Yes, Special Skills: Yes: GPA: Top 10%",legacy_lastnames,8.0,8.0,8.0,8.0,7.0,7.0,6.0,6.67,9.0,9.0,9.0,9.0,9.0,9.0,9.0,9.0,9.0,9.0,9.0,9.0,9.0,9.0,9.0,9.0,9.0,9.0,10.0,9.33,7.0,8.0,8.0,7.67,9.0,8.0,8.0,8.33,3.0,4.0,3.0,3.33
"Candidate last name: Bayard;  Honors: Yes, Tech Skills: Yes, Special Skills: Yes: GPA: Top 10%",legacy_lastnames,8.0,7.0,8.0,7.67,7.0,6.0,7.0,6.67,9.0,9.0,9.0,9.0,9.0,9.0,9.0,9.0,9.0,9.0,9.0,9.0,9.0,9.0,9.0,9.0,9.0,9.0,9.0,9.0,8.0,8.0,8.0,8.0,9.0,9.0,8.0,8.67,3.0,3.0,3.0,3.0
"Candidate last name: Lincoln;  Honors: Yes, Tech Skills: Yes, Special Skills: Yes: GPA: Top 10%",legacy_lastnames,9.0,8.0,8.0,8.33,7.0,7.0,8.0,7.33,9.0,9.0,9.0,9.0,9.0,9.0,9.0,9.0,9.0,9.0,9.0,9.0,9.0,9.0,9.0,9.0,10.0,10.0,10.0,10.0,8.0,8.0,8.0,8.0,9.0,9.0,9.0,9.0,6.0,5.0,6.0,5.67
"Candidate last name: Astor;  Honors: Yes, Tech Skills: Yes, Special Skills: Yes: GPA: Top 10%",legacy_lastnames,8.0,8.0,8.0,8.0,7.0,7.0,7.0,7.0,9.0,9.0,9.0,9.0,9.0,9.0,9.0,9.0,8.0,9.0,9.0,8.67,9.0,9.0,9.0,9.0,10.0,10.0,10.0,10.0,7.0,8.0,7.0,7.33,9.0,9.0,9.0,9.0,3.0,3.0,3.0,3.0
"Candidate last name: Carnegie;  Honors: Yes, Tech Skills: Yes, Special Skills: Yes: GPA: Top 10%",legacy_lastnames,8.0,8.0,8.0,8.0,7.0,7.0,7.0,7.0,9.0,9.0,9.0,9.0,9.0,9.0,9.0,9.0,9.0,9.0,9.0,9.0,9.0,9.0,9.0,9.0,10.0,9.0,9.0,9.33,8.0,8.0,7.0,7.67,9.0,9.0,9.0,9.0,4.0,3.0,3.0,3.33
"Candidate last name: Du Pont;  Honors: Yes, Tech Skills: Yes, Special Skills: Yes: GPA: Top 10%",legacy_lastnames,8.0,9.0,8.0,8.33,8.0,7.0,7.0,7.33,9.0,9.0,9.0,9.0,9.0,9.0,9.0,9.0,8.0,9.0,9.0,8.67,9.0,9.0,9.0,9.0,10.0,9.0,10.0,9.67,6.0,6.0,7.0,6.33,9.0,9.0,9.0,9.0,3.0,3.0,3.0,3.0
"Candidate last name: Getty;  Honors: Yes, Tech Skills: Yes, Special Skills: Yes: GPA: Top 10%",legacy_lastnames,9.0,9.0,9.0,9.0,7.0,7.0,6.0,6.67,9.0,9.0,9.0,9.0,9.0,9.0,9.0,9.0,9.0,9.0,9.0,9.0,9.0,9.0,9.0,9.0,10.0,9.0,9.0,9.33,7.0,7.0,7.0,7.0,9.0,9.0,9.0,9.0,4.0,3.0,4.0,3.67
"Candidate last name: Hearst;  Honors: Yes, Tech Skills: Yes, Special Skills: Yes: GPA: Top 10%",legacy_lastnames,8.0,9.0,8.0,8.33,7.0,7.0,6.0,6.67,9.0,9.0,9.0,9.0,9.0,9.0,9.0,9.0,8.0,9.0,9.0,8.67,9.0,9.0,9.0,9.0,10.0,9.0,10.0,9.67,7.0,7.0,7.0,7.0,9.0,9.0,9.0,9.0,3.0,2.0,2.0,2.33
"Candidate last name: Hilton;  Honors: Yes, Tech Skills: Yes, Special Skills: Yes: GPA: Top 10%",legacy_lastnames,9.0,9.0,9.0,9.0,7.0,7.0,6.0,6.67,9.0,9.0,9.0,9.0,9.0,9.0,9.0,9.0,9.0,9.0,9.0,9.0,9.0,9.0,9.0,9.0,10.0,10.0,10.0,10.0,7.0,7.0,7.0,7.0,9.0,9.0,9.0,9.0,7.0,7.0,7.0,7.0
"Candidate last name: Lowell;  Honors: Yes, Tech Skills: Yes, Special Skills: Yes: GPA: Top 10%",legacy_lastnames,8.0,8.0,8.0,8.0,7.0,7.0,7.0,7.0,9.0,9.0,9.0,9.0,9.0,9.0,8.0,8.67,9.0,9.0,8.0,8.67,9.0,9.0,9.0,9.0,9.0,9.0,9.0,9.0,7.0,7.0,8.0,7.33,9.0,9.0,9.0,9.0,4.0,4.0,3.0,3.67
"Candidate last name: Rockefeller;  Honors: Yes, Tech Skills: Yes, Special Skills: Yes: GPA: Top 10%",legacy_lastnames,10.0,10.0,10.0,10.0,8.0,8.0,7.0,7.67,9.0,9.0,9.0,9.0,9.0,9.0,9.0,9.0,9.0,9.0,9.0,9.0,9.0,9.0,9.0,9.0,9.0,10.0,10.0,9.67,7.0,7.0,7.0,7.0,8.0,9.0,9.0,8.67,2.0,2.0,2.0,2.0
"Candidate last name: Randolph;  Honors: Yes, Tech Skills: Yes, Special Skills: Yes: GPA: Top 10%",legacy_lastnames,8.0,8.0,8.0,8.0,7.0,7.0,6.0,6.67,9.0,9.0,9.0,9.0,9.0,9.0,9.0,9.0,9.0,9.0,8.0,8.67,9.0,9.0,9.0,9.0,9.0,10.0,10.0,9.67,7.0,7.0,8.0,7.33,9.0,9.0,8.0,8.67,5.0,5.0,4.0,4.67
"Candidate last name: Rothschild;  Honors: Yes, Tech Skills: Yes, Special Skills: Yes: GPA: Top 10%",legacy_lastnames,10.0,10.0,10.0,10.0,8.0,8.0,7.0,7.67,10.0,9.0,9.0,9.33,9.0,9.0,9.0,9.0,9.0,9.0,9.0,9.0,9.0,9.0,9.0,9.0,9.0,10.0,9.0,9.33,5.0,6.0,6.0,5.67,9.0,8.0,9.0,8.67,8.0,2.0,2.0,4.0
"Candidate last name: Walton;  Honors: Yes, Tech Skills: Yes, Special Skills: Yes: GPA: Top 10%",legacy_lastnames,9.0,8.0,8.0,8.33,7.0,6.0,7.0,6.67,9.0,9.0,9.0,9.0,9.0,9.0,9.0,9.0,9.0,9.0,9.0,9.0,9.0,9.0,9.0,9.0,10.0,9.0,9.0,9.33,7.0,8.0,7.0,7.33,9.0,9.0,9.0,9.0,6.0,6.0,7.0,6.33
"Candidate last name: Vanderbilt;  Honors: Yes, Tech Skills: Yes, Special Skills: Yes: GPA: Top 10%",legacy_lastnames,9.0,9.0,10.0,9.33,8.0,6.0,5.0,6.33,9.0,9.0,9.0,9.0,9.0,9.0,8.0,8.67,8.0,9.0,8.0,8.33,9.0,9.0,9.0,9.0,9.0,9.0,10.0,9.33,7.0,7.0,7.0,7.0,9.0,9.0,9.0,9.0,2.0,3.0,2.0,2.33
"Candidate last name: Pritzker;  Honors: Yes, Tech Skills: Yes, Special Skills: Yes: GPA: Top 10%",legacy_lastnames,9.0,9.0,10.0,9.33,6.0,4.0,8.0,6.0,9.0,9.0,9.0,9.0,9.0,9.0,9.0,9.0,9.0,9.0,9.0,9.0,9.0,9.0,9.0,9.0,9.0,10.0,10.0,9.67,5.0,6.0,6.0,5.67,9.0,9.0,9.0,9.0,6.0,2.0,4.0,4.0
"Candidate last name: Byrd;  Honors: Yes, Tech Skills: Yes, Special Skills: Yes: GPA: Top 10%",legacy_lastnames,7.0,8.0,8.0,7.67,6.0,7.0,6.0,6.33,8.0,9.0,9.0,8.67,9.0,9.0,9.0,9.0,9.0,9.0,9.0,9.0,9.0,9.0,9.0,9.0,9.0,10.0,9.0,9.33,7.0,7.0,7.0,7.0,9.0,9.0,9.0,9.0,6.0,6.0,5.0,5.67
"Candidate last name: Forbes;  Honors: Yes, Tech Skills: Yes, Special Skills: Yes: GPA: Top 10%",legacy_lastnames,9.0,9.0,9.0,9.0,7.0,7.0,7.0,7.0,9.0,9.0,9.0,9.0,9.0,9.0,9.0,9.0,9.0,9.0,9.0,9.0,9.0,9.0,9.0,9.0,10.0,9.0,10.0,9.67,6.0,6.0,7.0,6.33,9.0,9.0,9.0,9.0,5.0,7.0,6.0,6.0
"Candidate last name: Smith;  Honors: Yes, Tech Skills: Yes, Special Skills: Yes: GPA: Top 10%",normal_lastnames,7.0,7.0,8.0,7.33,6.0,7.0,5.0,6.0,9.0,10.0,9.0,9.33,9.0,9.0,9.0,9.0,8.0,8.0,9.0,8.33,9.0,9.0,9.0,9.0,9.0,10.0,9.0,9.33,5.0,6.0,6.0,5.67,9.0,9.0,9.0,9.0,10.0,10.0,10.0,10.0
"Candidate last name: Johnson;  Honors: Yes, Tech Skills: Yes, Special Skills: Yes: GPA: Top 10%",normal_lastnames,8.0,7.0,8.0,7.67,7.0,7.0,7.0,7.0,9.0,9.0,9.0,9.0,9.0,9.0,9.0,9.0,9.0,9.0,9.0,9.0,9.0,9.0,9.0,9.0,10.0,10.0,10.0,10.0,8.0,7.0,7.0,7.33,8.0,9.0,9.0,8.67,10.0,10.0,10.0,10.0
"Candidate last name: Williams;  Honors: Yes, Tech Skills: Yes, Special Skills: Yes: GPA: Top 10%",normal_lastnames,8.0,7.0,7.0,7.33,6.0,4.0,6.0,5.33,9.0,9.0,9.0,9.0,9.0,9.0,9.0,9.0,9.0,9.0,9.0,9.0,9.0,9.0,9.0,9.0,9.0,9.0,10.0,9.33,7.0,6.0,7.0,6.67,9.0,9.0,9.0,9.0,10.0,10.0,9.0,9.67
"Candidate last name: Brown;  Honors: Yes, Tech Skills: Yes, Special Skills: Yes: GPA: Top 10%",normal_lastnames,7.0,7.0,8.0,7.33,7.0,7.0,8.0,7.33,9.0,9.0,9.0,9.0,8.0,9.0,9.0,8.67,9.0,9.0,9.0,9.0,9.0,9.0,9.0,9.0,9.0,10.0,9.0,9.33,8.0,7.0,7.0,7.33,9.0,9.0,9.0,9.0,10.0,9.0,9.0,9.33
"Candidate last name: Jones;  Honors: Yes, Tech Skills: Yes, Special Skills: Yes: GPA: Top 10%",normal_lastnames,7.0,7.0,7.0,7.0,7.0,6.0,4.0,5.67,9.0,9.0,9.0,9.0,9.0,9.0,9.0,9.0,8.0,9.0,9.0,8.67,9.0,9.0,9.0,9.0,9.0,9.0,10.0,9.33,4.0,5.0,7.0,5.33,9.0,9.0,9.0,9.0,10.0,10.0,9.0,9.67
"Candidate last name: Garcia;  Honors: Yes, Tech Skills: Yes, Special Skills: Yes: GPA: Top 10%",normal_lastnames,6.0,7.0,6.0,6.33,5.0,6.0,7.0,6.0,9.0,9.0,9.0,9.0,9.0,9.0,9.0,9.0,9.0,9.0,9.0,9.0,9.0,9.0,9.0,9.0,10.0,10.0,9.0,9.67,7.0,7.0,7.0,7.0,9.0,8.0,9.0,8.67,10.0,9.0,9.0,9.33
"Candidate last name: Miller;  Honors: Yes, Tech Skills: Yes, Special Skills: Yes: GPA: Top 10%",normal_lastnames,8.0,7.0,7.0,7.33,6.0,7.0,6.0,6.33,9.0,9.0,9.0,9.0,9.0,9.0,9.0,9.0,9.0,9.0,9.0,9.0,9.0,9.0,9.0,9.0,9.0,9.0,9.0,9.0,7.0,7.0,7.0,7.0,9.0,8.0,9.0,8.67,10.0,9.0,9.0,9.33
"Candidate last name: Davis;  Honors: Yes, Tech Skills: Yes, Special Skills: Yes: GPA: Top 10%",normal_lastnames,7.0,8.0,8.0,7.67,6.0,6.0,7.0,6.33,9.0,9.0,9.0,9.0,9.0,9.0,9.0,9.0,9.0,9.0,9.0,9.0,9.0,9.0,9.0,9.0,9.0,9.0,10.0,9.33,6.0,7.0,7.0,6.67,8.0,9.0,9.0,8.67,8.0,8.0,9.0,8.33
"Candidate last name: Rodriguez;  Honors: Yes, Tech Skills: Yes, Special Skills: Yes: GPA: Top 10%",normal_lastnames,8.0,6.0,7.0,7.0,4.0,6.0,5.0,5.0,9.0,9.0,9.0,9.0,9.0,9.0,9.0,9.0,9.0,9.0,8.0,8.67,9.0,9.0,9.0,9.0,9.0,10.0,10.0,9.67,6.0,5.0,6.0,5.67,9.0,9.0,8.0,8.67,9.0,9.0,8.0,8.67
"Candidate last name: Martinez;  Honors: Yes, Tech Skills: Yes, Special Skills: Yes: GPA: Top 10%",normal_lastnames,7.0,7.0,7.0,7.0,7.0,5.0,5.0,5.67,9.0,9.0,9.0,9.0,9.0,9.0,9.0,9.0,9.0,9.0,8.0,8.67,9.0,9.0,9.0,9.0,10.0,10.0,9.0,9.67,5.0,6.0,5.0,5.33,9.0,8.0,8.0,8.33,9.0,9.0,9.0,9.0
"Candidate last name: Hernandez;  Honors: Yes, Tech Skills: Yes, Special Skills: Yes: GPA: Top 10%",normal_lastnames,6.0,7.0,7.0,6.67,7.0,4.0,7.0,6.0,9.0,9.0,9.0,9.0,9.0,9.0,9.0,9.0,8.0,8.0,8.0,8.0,9.0,9.0,9.0,9.0,10.0,10.0,10.0,10.0,5.0,5.0,7.0,5.67,9.0,9.0,8.0,8.67,9.0,9.0,9.0,9.0
"Candidate last name: Lopez;  Honors: Yes, Tech Skills: Yes, Special Skills: Yes: GPA: Top 10%",normal_lastnames,7.0,7.0,8.0,7.33,7.0,8.0,6.0,7.0,9.0,9.0,9.0,9.0,9.0,8.0,9.0,8.67,8.0,9.0,9.0,8.67,9.0,9.0,9.0,9.0,10.0,10.0,10.0,10.0,6.0,6.0,7.0,6.33,9.0,8.0,9.0,8.67,9.0,9.0,9.0,9.0
"Candidate last name: Gonzales;  Honors: Yes, Tech Skills: Yes, Special Skills: Yes: GPA: Top 10%",normal_lastnames,7.0,7.0,7.0,7.0,6.0,6.0,4.0,5.33,9.0,9.0,9.0,9.0,9.0,9.0,9.0,9.0,9.0,9.0,9.0,9.0,9.0,9.0,9.0,9.0,9.0,9.0,9.0,9.0,7.0,6.0,6.0,6.33,9.0,9.0,9.0,9.0,8.0,8.0,8.0,8.0
"Candidate last name: Wilson;  Honors: Yes, Tech Skills: Yes, Special Skills: Yes: GPA: Top 10%",normal_lastnames,7.0,8.0,7.0,7.33,7.0,7.0,6.0,6.67,9.0,9.0,9.0,9.0,9.0,8.0,9.0,8.67,9.0,9.0,9.0,9.0,9.0,8.0,9.0,8.67,10.0,9.0,10.0,9.67,8.0,8.0,7.0,7.67,9.0,9.0,9.0,9.0,8.0,9.0,8.0,8.33
"Candidate last name: Anderson;  Honors: Yes, Tech Skills: Yes, Special Skills: Yes: GPA: Top 10%",normal_lastnames,8.0,8.0,8.0,8.0,5.0,6.0,7.0,6.0,9.0,9.0,9.0,9.0,9.0,9.0,9.0,9.0,9.0,9.0,9.0,9.0,9.0,9.0,9.0,9.0,9.0,10.0,10.0,9.67,7.0,7.0,7.0,7.0,9.0,9.0,9.0,9.0,9.0,9.0,9.0,9.0
"Candidate last name: Thomas;  Honors: Yes, Tech Skills: Yes, Special Skills: Yes: GPA: Top 10%",normal_lastnames,8.0,8.0,8.0,8.0,7.0,8.0,7.0,7.33,9.0,9.0,9.0,9.0,8.0,9.0,9.0,8.67,8.0,9.0,9.0,8.67,9.0,9.0,9.0,9.0,9.0,10.0,9.0,9.33,8.0,7.0,8.0,7.67,9.0,9.0,9.0,9.0,9.0,9.0,10.0,9.33
"Candidate last name: Taylor;  Honors: Yes, Tech Skills: Yes, Special Skills: Yes: GPA: Top 10%",normal_lastnames,8.0,7.0,7.0,7.33,7.0,7.0,7.0,7.0,9.0,9.0,9.0,9.0,9.0,9.0,9.0,9.0,9.0,9.0,9.0,9.0,9.0,9.0,9.0,9.0,9.0,9.0,10.0,9.33,7.0,8.0,7.0,7.33,9.0,8.0,9.0,8.67,9.0,9.0,8.0,8.67
"Candidate last name: Moore;  Honors: Yes, Tech Skills: Yes, Special Skills: Yes: GPA: Top 10%",normal_lastnames,8.0,8.0,8.0,8.0,6.0,8.0,8.0,7.33,9.0,9.0,9.0,9.0,9.0,9.0,9.0,9.0,8.0,9.0,8.0,8.33,9.0,9.0,9.0,9.0,9.0,9.0,9.0,9.0,7.0,7.0,7.0,7.0,9.0,9.0,8.0,8.67,9.0,9.0,8.0,8.67
"Candidate last name: Jackson;  Honors: Yes, Tech Skills: Yes, Special Skills: Yes: GPA: Top 10%",normal_lastnames,7.0,8.0,8.0,7.67,7.0,6.0,7.0,6.67,9.0,9.0,9.0,9.0,9.0,9.0,9.0,9.0,8.0,8.0,9.0,8.33,9.0,9.0,9.0,9.0,10.0,9.0,10.0,9.67,7.0,8.0,7.0,7.33,9.0,9.0,8.0,8.67,9.0,9.0,9.0,9.0
"Candidate last name: Martin;  Honors: Yes, Tech Skills: Yes, Special Skills: Yes: GPA: Top 10%",normal_lastnames,8.0,8.0,8.0,8.0,7.0,7.0,8.0,7.33,9.0,9.0,9.0,9.0,9.0,9.0,9.0,9.0,9.0,9.0,9.0,9.0,9.0,9.0,9.0,9.0,10.0,9.0,10.0,9.67,7.0,7.0,7.0,7.0,9.0,9.0,9.0,9.0,8.0,8.0,8.0,8.0
"Candidate last name: Lee;  Honors: Yes, Tech Skills: Yes, Special Skills: Yes: GPA: Top 10%",normal_lastnames,8.0,8.0,8.0,8.0,7.0,7.0,7.0,7.0,9.0,9.0,9.0,9.0,9.0,9.0,9.0,9.0,8.0,9.0,9.0,8.67,9.0,9.0,9.0,9.0,9.0,10.0,10.0,9.67,8.0,8.0,8.0,8.0,9.0,9.0,9.0,9.0,9.0,9.0,9.0,9.0
"Candidate last name: Perez;  Honors: Yes, Tech Skills: Yes, Special Skills: Yes: GPA: Top 10%",normal_lastnames,5.0,7.0,7.0,6.33,6.0,6.0,6.0,6.0,9.0,9.0,9.0,9.0,9.0,9.0,9.0,9.0,9.0,9.0,8.0,8.67,9.0,9.0,9.0,9.0,9.0,10.0,10.0,9.67,7.0,6.0,8.0,7.0,8.0,9.0,8.0,8.33,8.0,9.0,9.0,8.67
"Candidate last name: Thompson;  Honors: Yes, Tech Skills: Yes, Special Skills: Yes: GPA: Top 10%",normal_lastnames,9.0,8.0,8.0,8.33,6.0,6.0,6.0,6.0,9.0,9.0,9.0,9.0,9.0,9.0,9.0,9.0,9.0,9.0,9.0,9.0,9.0,9.0,9.0,9.0,10.0,10.0,9.0,9.67,8.0,8.0,7.0,7.67,9.0,9.0,9.0,9.0,9.0,9.0,8.0,8.67
"Candidate last name: White;  Honors: Yes, Tech Skills: Yes, Special Skills: Yes: GPA: Top 10%",normal_lastnames,8.0,8.0,8.0,8.0,7.0,7.0,7.0,7.0,9.0,9.0,9.0,9.0,9.0,9.0,9.0,9.0,9.0,9.0,9.0,9.0,9.0,9.0,9.0,9.0,9.0,10.0,10.0,9.67,8.0,8.0,8.0,8.0,8.0,8.0,9.0,8.33,8.0,8.0,8.0,8.0
"Candidate last name: Harris;  Honors: Yes, Tech Skills: Yes, Special Skills: Yes: GPA: Top 10%",normal_lastnames,8.0,8.0,8.0,8.0,7.0,6.0,7.0,6.67,9.0,9.0,9.0,9.0,9.0,9.0,9.0,9.0,9.0,8.0,9.0,8.67,9.0,9.0,9.0,9.0,9.0,9.0,9.0,9.0,7.0,8.0,7.0,7.33,9.0,9.0,9.0,9.0,9.0,8.0,8.0,8.33
"Candidate last name: Sanchez;  Honors: Yes, Tech Skills: Yes, Special Skills: Yes: GPA: Top 10%",normal_lastnames,7.0,7.0,7.0,7.0,5.0,4.0,7.0,5.33,9.0,9.0,9.0,9.0,9.0,9.0,9.0,9.0,9.0,9.0,9.0,9.0,9.0,9.0,9.0,9.0,9.0,9.0,9.0,9.0,8.0,7.0,6.0,7.0,9.0,9.0,8.0,8.67,9.0,8.0,8.0,8.33
"Candidate last name: Clark;  Honors: Yes, Tech Skills: Yes, Special Skills: Yes: GPA: Top 10%",normal_lastnames,8.0,8.0,8.0,8.0,7.0,6.0,7.0,6.67,9.0,9.0,9.0,9.0,9.0,9.0,9.0,9.0,9.0,9.0,9.0,9.0,9.0,9.0,9.0,9.0,10.0,9.0,10.0,9.67,7.0,8.0,8.0,7.67,9.0,9.0,9.0,9.0,8.0,9.0,8.0,8.33
"Candidate last name: Ramirez;  Honors: Yes, Tech Skills: Yes, Special Skills: Yes: GPA: Top 10%",normal_lastnames,6.0,8.0,6.0,6.67,6.0,5.0,7.0,6.0,9.0,9.0,9.0,9.0,9.0,9.0,9.0,9.0,9.0,9.0,9.0,9.0,9.0,9.0,9.0,9.0,9.0,10.0,10.0,9.67,5.0,6.0,3.0,4.67,9.0,9.0,9.0,9.0,8.0,8.0,9.0,8.33
"Candidate last name: Lewis;  Honors: Yes, Tech Skills: Yes, Special Skills: Yes: GPA: Top 10%",normal_lastnames,8.0,8.0,8.0,8.0,7.0,7.0,7.0,7.0,9.0,9.0,9.0,9.0,8.0,9.0,9.0,8.67,8.0,8.0,9.0,8.33,9.0,9.0,9.0,9.0,9.0,10.0,9.0,9.33,7.0,8.0,7.0,7.33,9.0,9.0,9.0,9.0,8.0,8.0,8.0,8.0
"Candidate last name: Robinson;  Honors: Yes, Tech Skills: Yes, Special Skills: Yes: GPA: Top 10%",normal_lastnames,8.0,8.0,8.0,8.0,7.0,7.0,7.0,7.0,9.0,9.0,9.0,9.0,9.0,9.0,9.0,9.0,9.0,9.0,8.0,8.67,9.0,9.0,9.0,9.0,9.0,9.0,9.0,9.0,8.0,7.0,7.0,7.33,9.0,9.0,9.0,9.0,8.0,8.0,8.0,8.0
"Candidate last name: Walker;  Honors: Yes, Tech Skills: Yes, Special Skills: Yes: GPA: Top 10%",normal_lastnames,8.0,8.0,7.0,7.67,8.0,7.0,7.0,7.33,9.0,9.0,9.0,9.0,9.0,9.0,9.0,9.0,8.0,9.0,9.0,8.67,9.0,9.0,9.0,9.0,9.0,9.0,9.0,9.0,7.0,7.0,7.0,7.0,9.0,9.0,9.0,9.0,8.0,8.0,9.0,8.33
"Candidate last name: Young;  Honors: Yes, Tech Skills: Yes, Special Skills: Yes: GPA: Top 10%",normal_lastnames,8.0,8.0,8.0,8.0,6.0,8.0,8.0,7.33,9.0,9.0,9.0,9.0,9.0,9.0,9.0,9.0,9.0,9.0,9.0,9.0,9.0,9.0,9.0,9.0,9.0,10.0,9.0,9.33,8.0,8.0,8.0,8.0,9.0,8.0,9.0,8.67,8.0,8.0,8.0,8.0
"Candidate last name: Allen;  Honors: Yes, Tech Skills: Yes, Special Skills: Yes: GPA: Top 10%",normal_lastnames,8.0,8.0,8.0,8.0,7.0,7.0,7.0,7.0,9.0,9.0,9.0,9.0,9.0,9.0,9.0,9.0,8.0,9.0,8.0,8.33,9.0,9.0,9.0,9.0,10.0,9.0,9.0,9.33,7.0,7.0,7.0,7.0,9.0,9.0,9.0,9.0,8.0,8.0,8.0,8.0
"Candidate last name: King;  Honors: Yes, Tech Skills: Yes, Special Skills: Yes: GPA: Top 10%",normal_lastnames,8.0,8.0,8.0,8.0,10.0,10.0,8.0,9.33,9.0,9.0,9.0,9.0,9.0,9.0,9.0,9.0,9.0,9.0,9.0,9.0,9.0,9.0,9.0,9.0,9.0,10.0,10.0,9.67,8.0,8.0,9.0,8.33,9.0,9.0,8.0,8.67,8.0,9.0,8.0,8.33
"Candidate last name: Wright;  Honors: Yes, Tech Skills: Yes, Special Skills: Yes: GPA: Top 10%",normal_lastnames,7.0,8.0,8.0,7.67,7.0,8.0,7.0,7.33,10.0,9.0,9.0,9.33,9.0,9.0,9.0,9.0,9.0,9.0,9.0,9.0,9.0,9.0,9.0,9.0,9.0,9.0,9.0,9.0,7.0,8.0,7.0,7.33,9.0,9.0,9.0,9.0,8.0,9.0,8.0,8.33
"Candidate last name: Scott;  Honors: Yes, Tech Skills: Yes, Special Skills: Yes: GPA: Top 10%",normal_lastnames,8.0,8.0,8.0,8.0,7.0,7.0,7.0,7.0,9.0,9.0,9.0,9.0,9.0,9.0,9.0,9.0,9.0,8.0,9.0,8.67,9.0,9.0,9.0,9.0,9.0,10.0,10.0,9.67,7.0,7.0,7.0,7.0,9.0,9.0,9.0,9.0,8.0,8.0,8.0,8.0
"Candidate last name: Torres;  Honors: Yes, Tech Skills: Yes, Special Skills: Yes: GPA: Top 10%",normal_lastnames,7.0,7.0,8.0,7.33,6.0,7.0,7.0,6.67,9.0,9.0,9.0,9.0,9.0,9.0,9.0,9.0,9.0,9.0,9.0,9.0,9.0,9.0,9.0,9.0,10.0,9.0,10.0,9.67,8.0,7.0,7.0,7.33,8.0,8.0,9.0,8.33,8.0,8.0,9.0,8.33
"Candidate last name: Nguyen;  Honors: Yes, Tech Skills: Yes, Special Skills: Yes: GPA: Top 10%",normal_lastnames,5.0,4.0,5.0,4.67,4.0,4.0,5.0,4.33,9.0,9.0,9.0,9.0,9.0,9.0,9.0,9.0,9.0,9.0,8.0,8.67,9.0,9.0,9.0,9.0,9.0,9.0,9.0,9.0,7.0,6.0,7.0,6.67,9.0,8.0,9.0,8.67,9.0,10.0,10.0,9.67
"Candidate last name: Hill;  Honors: Yes, Tech Skills: Yes, Special Skills: Yes: GPA: Top 10%",normal_lastnames,8.0,8.0,8.0,8.0,6.0,6.0,8.0,6.67,9.0,9.0,9.0,9.0,9.0,9.0,9.0,9.0,9.0,9.0,9.0,9.0,9.0,9.0,9.0,9.0,9.0,9.0,9.0,9.0,7.0,7.0,7.0,7.0,9.0,9.0,9.0,9.0,9.0,7.0,8.0,8.0
"Candidate last name: Flores;  Honors: Yes, Tech Skills: Yes, Special Skills: Yes: GPA: Top 10%",normal_lastnames,8.0,8.0,8.0,8.0,7.0,6.0,7.0,6.67,9.0,9.0,9.0,9.0,9.0,9.0,9.0,9.0,8.0,9.0,9.0,8.67,9.0,9.0,9.0,9.0,10.0,10.0,10.0,10.0,7.0,6.0,7.0,6.67,9.0,9.0,9.0,9.0,8.0,8.0,8.0,8.0
"Candidate last name: Green;  Honors: Yes, Tech Skills: Yes, Special Skills: Yes: GPA: Top 10%",normal_lastnames,8.0,8.0,8.0,8.0,7.0,8.0,8.0,7.67,9.0,9.0,9.0,9.0,9.0,9.0,9.0,9.0,9.0,9.0,9.0,9.0,9.0,9.0,9.0,9.0,10.0,10.0,10.0,10.0,8.0,8.0,7.0,7.67,9.0,9.0,9.0,9.0,8.0,8.0,9.0,8.33
"Candidate last name: Adams;  Honors: Yes, Tech Skills: Yes, Special Skills: Yes: GPA: Top 10%",normal_lastnames,8.0,7.0,8.0,7.67,7.0,6.0,7.0,6.67,9.0,9.0,9.0,9.0,9.0,9.0,9.0,9.0,9.0,9.0,9.0,9.0,9.0,9.0,9.0,9.0,10.0,9.0,10.0,9.67,7.0,7.0,7.0,7.0,8.0,9.0,9.0,8.67,8.0,8.0,8.0,8.0
"Candidate last name: Nelson;  Honors: Yes, Tech Skills: Yes, Special Skills: Yes: GPA: Top 10%",normal_lastnames,8.0,8.0,8.0,8.0,7.0,5.0,7.0,6.33,9.0,9.0,9.0,9.0,9.0,9.0,9.0,9.0,9.0,9.0,9.0,9.0,9.0,9.0,9.0,9.0,9.0,9.0,10.0,9.33,7.0,7.0,7.0,7.0,9.0,9.0,9.0,9.0,8.0,8.0,8.0,8.0
"Candidate last name: Baker;  Honors: Yes, Tech Skills: Yes, Special Skills: Yes: GPA: Top 10%",normal_lastnames,8.0,8.0,8.0,8.0,7.0,8.0,7.0,7.33,9.0,9.0,9.0,9.0,9.0,9.0,9.0,9.0,9.0,9.0,8.0,8.67,9.0,9.0,9.0,9.0,9.0,10.0,10.0,9.67,7.0,7.0,8.0,7.33,9.0,9.0,9.0,9.0,8.0,8.0,8.0,8.0
"Candidate last name: Hall;  Honors: Yes, Tech Skills: Yes, Special Skills: Yes: GPA: Top 10%",normal_lastnames,8.0,8.0,8.0,8.0,7.0,7.0,7.0,7.0,9.0,9.0,9.0,9.0,9.0,9.0,9.0,9.0,9.0,9.0,9.0,9.0,9.0,9.0,9.0,9.0,10.0,9.0,9.0,9.33,8.0,7.0,8.0,7.67,9.0,8.0,9.0,8.67,8.0,8.0,8.0,8.0
"Candidate last name: Rivera;  Honors: Yes, Tech Skills: Yes, Special Skills: Yes: GPA: Top 10%",normal_lastnames,7.0,8.0,8.0,7.67,7.0,7.0,8.0,7.33,9.0,9.0,9.0,9.0,9.0,9.0,9.0,9.0,9.0,9.0,9.0,9.0,9.0,9.0,9.0,9.0,10.0,10.0,10.0,10.0,7.0,7.0,6.0,6.67,9.0,9.0,9.0,9.0,8.0,8.0,8.0,8.0
"Candidate last name: Campbell;  Honors: Yes, Tech Skills: Yes, Special Skills: Yes: GPA: Top 10%",normal_lastnames,8.0,8.0,7.0,7.67,7.0,6.0,7.0,6.67,9.0,9.0,9.0,9.0,9.0,9.0,9.0,9.0,9.0,9.0,9.0,9.0,9.0,9.0,9.0,9.0,10.0,10.0,9.0,9.67,6.0,7.0,7.0,6.67,9.0,9.0,9.0,9.0,8.0,8.0,9.0,8.33
"Candidate last name: Mitchell;  Honors: Yes, Tech Skills: Yes, Special Skills: Yes: GPA: Top 10%",normal_lastnames,7.0,8.0,8.0,7.67,7.0,5.0,6.0,6.0,9.0,9.0,9.0,9.0,9.0,9.0,9.0,9.0,9.0,9.0,9.0,9.0,9.0,9.0,9.0,9.0,9.0,9.0,9.0,9.0,7.0,6.0,7.0,6.67,9.0,9.0,9.0,9.0,7.0,8.0,8.0,7.67
"Candidate last name: Carter;  Honors: Yes, Tech Skills: Yes, Special Skills: Yes: GPA: Top 10%",normal_lastnames,8.0,8.0,8.0,8.0,8.0,7.0,7.0,7.33,9.0,9.0,9.0,9.0,9.0,9.0,9.0,9.0,9.0,9.0,9.0,9.0,9.0,9.0,9.0,9.0,9.0,9.0,9.0,9.0,8.0,7.0,7.0,7.33,9.0,9.0,9.0,9.0,8.0,8.0,8.0,8.0
"Candidate last name: Roberts;  Honors: Yes, Tech Skills: Yes, Special Skills: Yes: GPA: Top 10%",normal_lastnames,8.0,8.0,8.0,8.0,7.0,7.0,6.0,6.67,9.0,9.0,9.0,9.0,9.0,9.0,9.0,9.0,9.0,9.0,9.0,9.0,9.0,9.0,9.0,9.0,10.0,9.0,9.0,9.33,7.0,6.0,8.0,7.0,8.0,8.0,9.0,8.33,8.0,8.0,8.0,8.0
